記録日,作物PK,気温,湿度,土中湿度
2021/06/28 8:50:30,FAF90C9F-794A-46F2-A538-AA8B2897848D,26.6,51.68,66
2021/06/28 11:49:34,FAF90C9F-794A-46F2-A538-AA8B2897848D,25,56.25,54
2021/06/28 12:19:40,FAF90C9F-794A-46F2-A538-AA8B2897848D,25,55.98,64
2021/06/28 12:49:47,FAF90C9F-794A-46F2-A538-AA8B2897848D,25,55.81,64
2021/06/28 13:19:53,FAF90C9F-794A-46F2-A538-AA8B2897848D,24.8,55.47,64
2021/06/28 13:49:59,FAF90C9F-794A-46F2-A538-AA8B2897848D,25.1,55.32,71
2021/06/28 14:20:05,FAF90C9F-794A-46F2-A538-AA8B2897848D,24.6,55.15,67
2021/06/28 14:50:11,FAF90C9F-794A-46F2-A538-AA8B2897848D,24.5,54.96,65
2021/06/28 15:20:18,FAF90C9F-794A-46F2-A538-AA8B2897848D,24.4,54.74,65
2021/06/28 15:50:24,FAF90C9F-794A-46F2-A538-AA8B2897848D,25,54.74,74
2021/06/28 16:20:30,FAF90C9F-794A-46F2-A538-AA8B2897848D,24.9,54.66,69
2021/06/28 16:50:36,FAF90C9F-794A-46F2-A538-AA8B2897848D,24.6,54.3,67
2021/06/28 17:20:42,FAF90C9F-794A-46F2-A538-AA8B2897848D,24.4,54.03,67
2021/06/28 17:50:48,FAF90C9F-794A-46F2-A538-AA8B2897848D,24.3,53.78,67
2021/06/28 18:20:55,FAF90C9F-794A-46F2-A538-AA8B2897848D,25.3,53.37,76
2021/06/28 18:51:01,FAF90C9F-794A-46F2-A538-AA8B2897848D,25.8,53.2,73
2021/06/28 19:21:07,FAF90C9F-794A-46F2-A538-AA8B2897848D,26.2,53.15,72
2021/06/28 19:51:13,FAF90C9F-794A-46F2-A538-AA8B2897848D,26.4,53.05,70
2021/06/28 20:21:19,FAF90C9F-794A-46F2-A538-AA8B2897848D,26.4,53.1,70
2021/06/28 20:51:25,FAF90C9F-794A-46F2-A538-AA8B2897848D,26.3,52.73,68
2021/06/28 21:21:31,FAF90C9F-794A-46F2-A538-AA8B2897848D,26.3,52.76,68
2021/06/28 21:51:37,FAF90C9F-794A-46F2-A538-AA8B2897848D,26.3,52.61,66
2021/06/28 22:29:45,FAF90C9F-794A-46F2-A538-AA8B2897848D,26.6,52.56,65
2021/06/28 22:59:51,FAF90C9F-794A-46F2-A538-AA8B2897848D,26.6,52.51,66
2021/06/28 23:29:57,FAF90C9F-794A-46F2-A538-AA8B2897848D,26.3,52.37,68
2021/06/29 19:03:45,FAF90C9F-794A-46F2-A538-AA8B2897848D,25.7,37.72,80
2021/06/29 19:33:52,FAF90C9F-794A-46F2-A538-AA8B2897848D,24.3,39.18,59
2021/06/29 20:03:58,FAF90C9F-794A-46F2-A538-AA8B2897848D,24.1,39.28,70
2021/06/29 20:34:04,FAF90C9F-794A-46F2-A538-AA8B2897848D,25.5,39.45,78
2021/06/29 21:04:10,FAF90C9F-794A-46F2-A538-AA8B2897848D,26,39.6,77
2021/06/30 7:26:45,FAF90C9F-794A-46F2-A538-AA8B2897848D,26.3,40.11,71
2021/06/30 7:56:51,FAF90C9F-794A-46F2-A538-AA8B2897848D,26.2,37.72,71
2021/06/30 8:26:57,FAF90C9F-794A-46F2-A538-AA8B2897848D,27.6,37.82,66
2021/06/30 8:57:03,FAF90C9F-794A-46F2-A538-AA8B2897848D,26.6,37.67,71
2021/06/30 9:27:09,FAF90C9F-794A-46F2-A538-AA8B2897848D,26.8,37.11,71
2021/06/30 9:57:15,FAF90C9F-794A-46F2-A538-AA8B2897848D,24.3,36.77,69
2021/06/30 10:27:21,FAF90C9F-794A-46F2-A538-AA8B2897848D,24.1,36.33,70
2021/06/30 10:57:27,FAF90C9F-794A-46F2-A538-AA8B2897848D,24,36.16,70
2021/06/30 11:27:33,FAF90C9F-794A-46F2-A538-AA8B2897848D,24,35.38,70
2021/06/30 11:57:39,FAF90C9F-794A-46F2-A538-AA8B2897848D,24.4,34.5,74
2021/06/30 12:27:45,FAF90C9F-794A-46F2-A538-AA8B2897848D,24.1,34.64,71
2021/06/30 12:57:52,FAF90C9F-794A-46F2-A538-AA8B2897848D,24,33.81,70
2021/06/30 13:27:59,FAF90C9F-794A-46F2-A538-AA8B2897848D,23.6,33.2,71
2021/06/30 13:58:05,FAF90C9F-794A-46F2-A538-AA8B2897848D,24.9,32.57,78
2021/06/30 14:28:11,FAF90C9F-794A-46F2-A538-AA8B2897848D,24.1,32.76,75
2021/06/30 14:58:17,FAF90C9F-794A-46F2-A538-AA8B2897848D,24.1,32.79,73
2021/06/30 15:28:23,FAF90C9F-794A-46F2-A538-AA8B2897848D,23.9,60.57,73
2021/06/30 15:58:29,FAF90C9F-794A-46F2-A538-AA8B2897848D,25.6,61.74,78
2021/06/30 16:28:35,FAF90C9F-794A-46F2-A538-AA8B2897848D,25.4,62.67,72
2021/06/30 16:58:41,FAF90C9F-794A-46F2-A538-AA8B2897848D,25,63.11,69
2021/06/30 17:28:47,FAF90C9F-794A-46F2-A538-AA8B2897848D,25.6,63.43,79
2021/06/30 17:58:53,FAF90C9F-794A-46F2-A538-AA8B2897848D,25.5,63.45,72
2021/06/30 18:28:59,FAF90C9F-794A-46F2-A538-AA8B2897848D,25.2,63.7,77
2021/06/30 18:59:05,FAF90C9F-794A-46F2-A538-AA8B2897848D,26.6,63.94,81
2021/06/30 19:29:12,FAF90C9F-794A-46F2-A538-AA8B2897848D,26,63.99,70
2021/06/30 19:59:18,FAF90C9F-794A-46F2-A538-AA8B2897848D,25.3,64.09,72
2021/06/30 20:29:24,FAF90C9F-794A-46F2-A538-AA8B2897848D,25.9,64.31,86
2021/06/30 20:59:30,FAF90C9F-794A-46F2-A538-AA8B2897848D,26.2,64.62,85
2021/06/30 21:29:37,FAF90C9F-794A-46F2-A538-AA8B2897848D,26.4,64.5,84
2021/06/30 21:59:43,FAF90C9F-794A-46F2-A538-AA8B2897848D,26.4,64.58,84
2021/06/30 22:29:49,FAF90C9F-794A-46F2-A538-AA8B2897848D,26.4,64.6,82
2021/06/30 22:59:55,FAF90C9F-794A-46F2-A538-AA8B2897848D,26.9,64.79,84
2021/06/30 23:30:01,FAF90C9F-794A-46F2-A538-AA8B2897848D,26.6,64.7,85
2021/07/01 0:00:07,FAF90C9F-794A-46F2-A538-AA8B2897848D,26.3,64.82,85
2021/07/01 0:30:14,FAF90C9F-794A-46F2-A538-AA8B2897848D,26.2,64.79,85
2021/07/01 1:00:20,FAF90C9F-794A-46F2-A538-AA8B2897848D,26,64.6,84
2021/07/01 1:30:26,FAF90C9F-794A-46F2-A538-AA8B2897848D,26,64.75,84
2021/07/01 2:00:32,FAF90C9F-794A-46F2-A538-AA8B2897848D,25.9,64.79,83
2021/07/01 2:30:38,FAF90C9F-794A-46F2-A538-AA8B2897848D,25.9,64.6,83
2021/07/01 3:00:44,FAF90C9F-794A-46F2-A538-AA8B2897848D,25.9,64.72,82
2021/07/01 3:30:50,FAF90C9F-794A-46F2-A538-AA8B2897848D,25.9,64.6,82
2021/07/01 4:00:56,FAF90C9F-794A-46F2-A538-AA8B2897848D,25.9,64.6,82
2021/07/01 4:31:02,FAF90C9F-794A-46F2-A538-AA8B2897848D,25.9,64.72,82
2021/07/01 5:01:08,FAF90C9F-794A-46F2-A538-AA8B2897848D,26,64.45,81
2021/07/01 5:31:14,FAF90C9F-794A-46F2-A538-AA8B2897848D,26,64.48,80
2021/07/01 6:01:20,FAF90C9F-794A-46F2-A538-AA8B2897848D,26,64.53,79
2021/07/01 6:31:26,FAF90C9F-794A-46F2-A538-AA8B2897848D,26,64.6,78
2021/07/01 7:01:32,FAF90C9F-794A-46F2-A538-AA8B2897848D,26.1,64.45,76
2021/07/01 7:31:39,FAF90C9F-794A-46F2-A538-AA8B2897848D,26.1,64.43,75
2021/07/05 6:56:19,FAF90C9F-794A-46F2-A538-AA8B2897848D,27.9,47.58,92
2021/07/05 7:26:24,FAF90C9F-794A-46F2-A538-AA8B2897848D,28.3,48.02,89
2021/07/05 7:56:31,FAF90C9F-794A-46F2-A538-AA8B2897848D,27.2,47.95,81
2021/07/05 8:26:37,FAF90C9F-794A-46F2-A538-AA8B2897848D,26,47.41,76
2021/07/05 8:56:43,FAF90C9F-794A-46F2-A538-AA8B2897848D,26.1,46.92,75
2021/07/05 12:34:47,FAF90C9F-794A-46F2-A538-AA8B2897848D,28.8,42.07,81
2021/07/05 13:04:53,FAF90C9F-794A-46F2-A538-AA8B2897848D,28.6,41.41,81
2021/07/05 13:34:59,FAF90C9F-794A-46F2-A538-AA8B2897848D,27.1,41.28,63
2021/07/05 14:05:05,FAF90C9F-794A-46F2-A538-AA8B2897848D,24.9,40.94,55
2021/07/05 14:35:11,FAF90C9F-794A-46F2-A538-AA8B2897848D,26,40.63,74
2021/07/05 15:05:17,FAF90C9F-794A-46F2-A538-AA8B2897848D,26.1,40.38,74
2021/07/05 15:35:24,FAF90C9F-794A-46F2-A538-AA8B2897848D,26.2,40.26,74
2021/07/05 16:05:30,FAF90C9F-794A-46F2-A538-AA8B2897848D,26,39.62,74
2021/07/05 16:35:36,FAF90C9F-794A-46F2-A538-AA8B2897848D,25.9,39.04,73
2021/07/05 17:05:42,FAF90C9F-794A-46F2-A538-AA8B2897848D,25.9,38.75,73
2021/07/05 17:35:49,FAF90C9F-794A-46F2-A538-AA8B2897848D,26,38.57,74
2021/07/05 18:05:55,FAF90C9F-794A-46F2-A538-AA8B2897848D,26,38.72,74
2021/07/05 18:36:01,FAF90C9F-794A-46F2-A538-AA8B2897848D,26.2,37.96,74
2021/07/05 19:06:07,FAF90C9F-794A-46F2-A538-AA8B2897848D,27.1,37.33,79
2021/07/05 19:36:13,FAF90C9F-794A-46F2-A538-AA8B2897848D,25.9,65.77,60
2021/07/05 20:06:19,FAF90C9F-794A-46F2-A538-AA8B2897848D,25.6,65.65,60
2021/07/05 20:36:25,FAF90C9F-794A-46F2-A538-AA8B2897848D,25.5,65.58,60
2021/07/05 21:06:31,FAF90C9F-794A-46F2-A538-AA8B2897848D,26.9,65.89,75
2021/07/05 21:36:38,FAF90C9F-794A-46F2-A538-AA8B2897848D,27.3,65.94,79
2021/07/05 22:06:44,FAF90C9F-794A-46F2-A538-AA8B2897848D,27.5,65.99,80
2021/07/05 22:36:50,FAF90C9F-794A-46F2-A538-AA8B2897848D,27.6,66.02,81
2021/07/05 23:06:56,FAF90C9F-794A-46F2-A538-AA8B2897848D,27.6,65.72,80
2021/07/05 23:37:02,FAF90C9F-794A-46F2-A538-AA8B2897848D,27.6,65.62,80
2021/07/06 0:07:08,FAF90C9F-794A-46F2-A538-AA8B2897848D,27.8,65.65,80
2021/07/06 0:37:14,FAF90C9F-794A-46F2-A538-AA8B2897848D,27.7,65.23,82
2021/07/06 1:07:20,FAF90C9F-794A-46F2-A538-AA8B2897848D,27.8,65.28,84
2021/07/06 1:37:27,FAF90C9F-794A-46F2-A538-AA8B2897848D,27.8,65.21,86
2021/07/06 2:07:33,FAF90C9F-794A-46F2-A538-AA8B2897848D,27.8,65.16,87
2021/07/06 2:37:39,FAF90C9F-794A-46F2-A538-AA8B2897848D,27.8,65.06,87
2021/07/06 3:07:45,FAF90C9F-794A-46F2-A538-AA8B2897848D,27.8,65.01,87
2021/07/06 3:37:51,FAF90C9F-794A-46F2-A538-AA8B2897848D,27.8,64.92,87
2021/07/06 4:07:57,FAF90C9F-794A-46F2-A538-AA8B2897848D,27.8,64.77,87
2021/07/06 4:38:03,FAF90C9F-794A-46F2-A538-AA8B2897848D,27.7,64.82,88
2021/07/06 5:08:09,FAF90C9F-794A-46F2-A538-AA8B2897848D,27.7,64.77,88
2021/07/06 5:38:15,FAF90C9F-794A-46F2-A538-AA8B2897848D,27.7,64.67,88
2021/07/06 6:08:21,FAF90C9F-794A-46F2-A538-AA8B2897848D,27.7,64.43,88
2021/07/06 6:38:27,FAF90C9F-794A-46F2-A538-AA8B2897848D,27.7,64.45,88
2021/07/06 7:08:33,FAF90C9F-794A-46F2-A538-AA8B2897848D,27.8,64.43,87
2021/07/06 7:38:39,FAF90C9F-794A-46F2-A538-AA8B2897848D,27.8,64.45,88
2021/07/06 8:08:45,FAF90C9F-794A-46F2-A538-AA8B2897848D,28.2,64.67,88
2021/07/06 8:38:52,FAF90C9F-794A-46F2-A538-AA8B2897848D,28.6,64.38,84
2021/07/06 9:08:58,FAF90C9F-794A-46F2-A538-AA8B2897848D,25.6,64.21,70
2021/07/06 9:39:04,FAF90C9F-794A-46F2-A538-AA8B2897848D,25.6,64.31,74
2021/07/06 10:09:10,FAF90C9F-794A-46F2-A538-AA8B2897848D,25.5,64.33,74
2021/07/06 10:39:16,FAF90C9F-794A-46F2-A538-AA8B2897848D,25.3,64.45,73
2021/07/06 11:09:22,FAF90C9F-794A-46F2-A538-AA8B2897848D,25.1,64.38,73
2021/07/06 11:39:28,FAF90C9F-794A-46F2-A538-AA8B2897848D,25.1,64.45,72
2021/07/06 12:09:34,FAF90C9F-794A-46F2-A538-AA8B2897848D,25.2,64.45,71
2021/07/06 12:39:40,FAF90C9F-794A-46F2-A538-AA8B2897848D,25.4,64.43,73
2021/07/06 13:09:47,FAF90C9F-794A-46F2-A538-AA8B2897848D,25.6,64.31,75
2021/07/06 13:39:53,FAF90C9F-794A-46F2-A538-AA8B2897848D,25.3,64.18,73
2021/07/06 14:09:59,FAF90C9F-794A-46F2-A538-AA8B2897848D,25.4,64.4,74
2021/07/06 14:40:05,FAF90C9F-794A-46F2-A538-AA8B2897848D,24.9,64.28,75
2021/07/06 15:10:11,FAF90C9F-794A-46F2-A538-AA8B2897848D,24.9,64.31,75
2021/07/06 18:18:08,FAF90C9F-794A-46F2-A538-AA8B2897848D,25.2,64.06,74
2021/07/06 18:48:14,FAF90C9F-794A-46F2-A538-AA8B2897848D,25.1,64.01,75
2021/07/06 19:18:20,FAF90C9F-794A-46F2-A538-AA8B2897848D,26.8,64.23,90
2021/07/06 19:48:26,FAF90C9F-794A-46F2-A538-AA8B2897848D,27,64.38,90
2021/07/06 20:18:33,FAF90C9F-794A-46F2-A538-AA8B2897848D,27.1,64.18,88
2021/07/06 20:48:39,FAF90C9F-794A-46F2-A538-AA8B2897848D,25.1,64.04,65
2021/07/06 21:18:45,FAF90C9F-794A-46F2-A538-AA8B2897848D,25.4,63.89,65
2021/07/06 21:48:51,FAF90C9F-794A-46F2-A538-AA8B2897848D,25.5,63.94,65
2021/07/06 22:18:57,FAF90C9F-794A-46F2-A538-AA8B2897848D,25.5,63.89,66
2021/07/06 22:49:03,FAF90C9F-794A-46F2-A538-AA8B2897848D,26.7,64.14,75
2021/07/06 23:19:10,FAF90C9F-794A-46F2-A538-AA8B2897848D,27.6,63.92,76
2021/07/06 23:49:16,FAF90C9F-794A-46F2-A538-AA8B2897848D,27.9,63.94,82
2021/07/07 0:19:22,FAF90C9F-794A-46F2-A538-AA8B2897848D,28,64.11,83
2021/07/07 0:49:28,FAF90C9F-794A-46F2-A538-AA8B2897848D,28.2,64.11,83
2021/07/07 1:19:35,FAF90C9F-794A-46F2-A538-AA8B2897848D,28.2,64.06,82
2021/07/07 1:49:41,FAF90C9F-794A-46F2-A538-AA8B2897848D,28.2,64.09,82
2021/07/07 2:19:47,FAF90C9F-794A-46F2-A538-AA8B2897848D,28.3,64.18,82
2021/07/07 2:49:53,FAF90C9F-794A-46F2-A538-AA8B2897848D,28.3,64.04,81
2021/07/07 3:19:59,FAF90C9F-794A-46F2-A538-AA8B2897848D,28.3,64.18,81
2021/07/07 3:50:05,FAF90C9F-794A-46F2-A538-AA8B2897848D,28.3,64.14,80
2021/07/07 4:20:11,FAF90C9F-794A-46F2-A538-AA8B2897848D,28.3,64.09,81
2021/07/07 4:50:17,FAF90C9F-794A-46F2-A538-AA8B2897848D,28.3,63.96,81
2021/07/07 5:20:23,FAF90C9F-794A-46F2-A538-AA8B2897848D,28.3,64.04,81
2021/07/07 5:50:29,FAF90C9F-794A-46F2-A538-AA8B2897848D,28.4,63.99,79
2021/07/07 6:20:36,FAF90C9F-794A-46F2-A538-AA8B2897848D,28.5,64.18,79
2021/07/07 6:50:42,FAF90C9F-794A-46F2-A538-AA8B2897848D,28.5,64.14,80
2021/07/07 7:20:48,FAF90C9F-794A-46F2-A538-AA8B2897848D,28.6,63.26,84
2021/07/07 7:50:54,FAF90C9F-794A-46F2-A538-AA8B2897848D,28.7,62.92,87
2021/07/07 8:21,FAF90C9F-794A-46F2-A538-AA8B2897848D,26.5,62.65,63
2021/07/07 8:51:06,FAF90C9F-794A-46F2-A538-AA8B2897848D,24.5,62.52,60
2021/07/07 9:21:12,FAF90C9F-794A-46F2-A538-AA8B2897848D,25,62.52,69
2021/07/07 9:51:18,FAF90C9F-794A-46F2-A538-AA8B2897848D,25.3,62.28,70
2021/07/07 10:21:25,FAF90C9F-794A-46F2-A538-AA8B2897848D,25.2,60.23,72
2021/07/07 10:51:31,FAF90C9F-794A-46F2-A538-AA8B2897848D,25.1,59.91,73
2021/07/07 11:21:37,FAF90C9F-794A-46F2-A538-AA8B2897848D,25.3,58.23,74
2021/07/07 11:51:43,FAF90C9F-794A-46F2-A538-AA8B2897848D,25.2,58.2,73
2021/07/07 12:21:50,FAF90C9F-794A-46F2-A538-AA8B2897848D,25.3,58.06,73
2021/07/07 12:51:56,FAF90C9F-794A-46F2-A538-AA8B2897848D,25.3,57.71,74
2021/07/07 13:22:07,FAF90C9F-794A-46F2-A538-AA8B2897848D,25.3,57.84,74
2021/07/07 13:52:13,FAF90C9F-794A-46F2-A538-AA8B2897848D,25.3,57.42,74
2021/07/07 14:22:19,FAF90C9F-794A-46F2-A538-AA8B2897848D,25.4,57.08,74
2021/07/07 14:52:25,FAF90C9F-794A-46F2-A538-AA8B2897848D,25.5,57.03,73
2021/07/07 15:22:31,FAF90C9F-794A-46F2-A538-AA8B2897848D,25.5,56.93,73
2021/07/07 15:52:37,FAF90C9F-794A-46F2-A538-AA8B2897848D,25.3,56.76,72
2021/07/07 16:22:43,FAF90C9F-794A-46F2-A538-AA8B2897848D,25.3,56.64,71
2021/07/07 16:52:49,FAF90C9F-794A-46F2-A538-AA8B2897848D,25.1,56.84,71
2021/07/07 17:22:55,FAF90C9F-794A-46F2-A538-AA8B2897848D,25.8,55.86,78
2021/07/07 17:53:01,FAF90C9F-794A-46F2-A538-AA8B2897848D,25.2,55.93,71
2021/07/07 18:23:08,FAF90C9F-794A-46F2-A538-AA8B2897848D,25,55.83,70
2021/07/07 18:53:14,FAF90C9F-794A-46F2-A538-AA8B2897848D,25.9,54.3,80
2021/07/07 19:23:20,FAF90C9F-794A-46F2-A538-AA8B2897848D,26.6,52.49,92
2021/07/07 19:53:26,FAF90C9F-794A-46F2-A538-AA8B2897848D,26.8,55.1,91
2021/07/07 20:23:33,FAF90C9F-794A-46F2-A538-AA8B2897848D,26.8,53.56,91
2021/07/07 20:53:39,FAF90C9F-794A-46F2-A538-AA8B2897848D,26.9,54.03,90
2021/07/07 21:23:45,FAF90C9F-794A-46F2-A538-AA8B2897848D,26.9,54.64,89
2021/07/07 21:53:51,FAF90C9F-794A-46F2-A538-AA8B2897848D,27,53.98,89
2021/07/07 22:23:57,FAF90C9F-794A-46F2-A538-AA8B2897848D,27.1,53.66,89
2021/07/07 22:54:03,FAF90C9F-794A-46F2-A538-AA8B2897848D,27.1,52.59,88
2021/07/07 23:24:09,FAF90C9F-794A-46F2-A538-AA8B2897848D,27,52,89
2021/07/07 23:54:15,FAF90C9F-794A-46F2-A538-AA8B2897848D,27,51.9,89
2021/07/08 0:24:22,FAF90C9F-794A-46F2-A538-AA8B2897848D,27,51.32,90
2021/07/08 0:54:28,FAF90C9F-794A-46F2-A538-AA8B2897848D,27,50.83,91
2021/07/08 1:24:34,FAF90C9F-794A-46F2-A538-AA8B2897848D,27.1,50.51,92
2021/07/08 1:54:41,FAF90C9F-794A-46F2-A538-AA8B2897848D,27.1,50.42,93
2021/07/08 2:24:47,FAF90C9F-794A-46F2-A538-AA8B2897848D,27,50.29,92
2021/07/08 2:54:53,FAF90C9F-794A-46F2-A538-AA8B2897848D,27,49.49,92
2021/07/08 3:24:59,FAF90C9F-794A-46F2-A538-AA8B2897848D,27.1,49.46,91
2021/07/08 3:55:05,FAF90C9F-794A-46F2-A538-AA8B2897848D,27,48.02,92
2021/07/08 4:25:12,FAF90C9F-794A-46F2-A538-AA8B2897848D,27,47.78,92
2021/07/08 4:55:18,FAF90C9F-794A-46F2-A538-AA8B2897848D,27,47.31,92
2021/07/08 5:25:24,FAF90C9F-794A-46F2-A538-AA8B2897848D,26.9,47.24,92
2021/07/08 5:55:30,FAF90C9F-794A-46F2-A538-AA8B2897848D,27,46.9,93
2021/07/08 6:25:36,FAF90C9F-794A-46F2-A538-AA8B2897848D,27,45.63,93
2021/07/08 6:55:42,FAF90C9F-794A-46F2-A538-AA8B2897848D,27,45.14,93
2021/07/08 7:25:48,FAF90C9F-794A-46F2-A538-AA8B2897848D,27,45.17,94
2021/07/08 7:55:54,FAF90C9F-794A-46F2-A538-AA8B2897848D,27,44.75,95
2021/07/08 8:26:01,FAF90C9F-794A-46F2-A538-AA8B2897848D,27.2,44.02,95
2021/07/08 8:56:07,FAF90C9F-794A-46F2-A538-AA8B2897848D,25.6,43.75,73
2021/07/08 9:26:13,FAF90C9F-794A-46F2-A538-AA8B2897848D,25.6,43.36,74
2021/07/08 9:56:19,FAF90C9F-794A-46F2-A538-AA8B2897848D,25.7,42.99,77
2021/07/08 10:26:25,FAF90C9F-794A-46F2-A538-AA8B2897848D,25.4,42.8,73
2021/07/08 10:56:32,FAF90C9F-794A-46F2-A538-AA8B2897848D,25.3,41.53,72
2021/07/08 11:26:38,FAF90C9F-794A-46F2-A538-AA8B2897848D,25.2,40.84,73
2021/07/08 11:56:44,FAF90C9F-794A-46F2-A538-AA8B2897848D,25,40.26,72
2021/07/08 12:26:50,FAF90C9F-794A-46F2-A538-AA8B2897848D,25.1,40.11,72
2021/07/08 12:56:56,FAF90C9F-794A-46F2-A538-AA8B2897848D,25,40.06,71
2021/07/08 13:27:02,FAF90C9F-794A-46F2-A538-AA8B2897848D,25.1,39.48,71
2021/07/08 13:57:08,FAF90C9F-794A-46F2-A538-AA8B2897848D,25.2,39.6,72
2021/07/08 14:27:14,FAF90C9F-794A-46F2-A538-AA8B2897848D,25.1,39.31,73
2021/07/08 14:57:20,FAF90C9F-794A-46F2-A538-AA8B2897848D,25.1,38.94,74
2021/07/08 15:27:26,FAF90C9F-794A-46F2-A538-AA8B2897848D,25.1,38.65,73
2021/07/08 15:57:32,FAF90C9F-794A-46F2-A538-AA8B2897848D,25.1,38.13,73
2021/07/08 16:27:39,FAF90C9F-794A-46F2-A538-AA8B2897848D,24.9,37.89,72
2021/07/08 16:57:45,FAF90C9F-794A-46F2-A538-AA8B2897848D,24.9,37.77,73
2021/07/08 17:27:52,FAF90C9F-794A-46F2-A538-AA8B2897848D,24.9,37.92,73
2021/07/08 17:57:58,FAF90C9F-794A-46F2-A538-AA8B2897848D,25.8,38.26,86
2021/07/08 18:28:04,FAF90C9F-794A-46F2-A538-AA8B2897848D,26.3,38.26,91
2021/07/08 18:58:10,FAF90C9F-794A-46F2-A538-AA8B2897848D,26.5,38.23,90
2021/07/08 19:28:16,FAF90C9F-794A-46F2-A538-AA8B2897848D,26.5,38.23,90
2021/07/08 19:58:22,FAF90C9F-794A-46F2-A538-AA8B2897848D,26.8,38.23,90
2021/07/08 20:28:29,FAF90C9F-794A-46F2-A538-AA8B2897848D,26.8,38.13,91
2021/07/08 20:58:35,FAF90C9F-794A-46F2-A538-AA8B2897848D,26.8,38.11,90
2021/07/08 21:28:41,FAF90C9F-794A-46F2-A538-AA8B2897848D,26.9,37.77,90
2021/07/08 21:58:47,FAF90C9F-794A-46F2-A538-AA8B2897848D,26,37.57,72
2021/07/08 22:28:54,FAF90C9F-794A-46F2-A538-AA8B2897848D,26.6,35.67,82
2021/07/08 22:59,FAF90C9F-794A-46F2-A538-AA8B2897848D,26.8,35.6,86
2021/07/08 23:29:06,FAF90C9F-794A-46F2-A538-AA8B2897848D,26.8,35.47,87
2021/07/08 23:59:12,FAF90C9F-794A-46F2-A538-AA8B2897848D,26.9,35.21,88
2021/07/09 0:29:19,FAF90C9F-794A-46F2-A538-AA8B2897848D,26.9,34.77,90
2021/07/09 0:59:25,FAF90C9F-794A-46F2-A538-AA8B2897848D,26.9,34.5,90
2021/07/09 1:29:32,FAF90C9F-794A-46F2-A538-AA8B2897848D,26.9,34.06,90
2021/07/09 1:59:38,FAF90C9F-794A-46F2-A538-AA8B2897848D,27,33.2,90
2021/07/09 2:29:44,FAF90C9F-794A-46F2-A538-AA8B2897848D,26.9,31.47,90
2021/07/09 2:59:50,FAF90C9F-794A-46F2-A538-AA8B2897848D,27,30.93,91
2021/07/09 3:29:56,FAF90C9F-794A-46F2-A538-AA8B2897848D,27,29.83,91
2021/07/09 4:00:02,FAF90C9F-794A-46F2-A538-AA8B2897848D,27,30.35,91
2021/07/09 4:30:08,FAF90C9F-794A-46F2-A538-AA8B2897848D,27,29.74,91
2021/07/09 5:00:14,FAF90C9F-794A-46F2-A538-AA8B2897848D,26.9,29.81,91
2021/07/09 5:30:21,FAF90C9F-794A-46F2-A538-AA8B2897848D,26.9,29.08,92
2021/07/09 6:00:27,FAF90C9F-794A-46F2-A538-AA8B2897848D,26.9,29.27,92
2021/07/09 6:30:33,FAF90C9F-794A-46F2-A538-AA8B2897848D,26.9,29.47,93
2021/07/09 7:00:39,FAF90C9F-794A-46F2-A538-AA8B2897848D,26.9,51.42,93
2021/07/09 7:30:46,FAF90C9F-794A-46F2-A538-AA8B2897848D,27.3,54.27,95
2021/07/09 8:00:52,FAF90C9F-794A-46F2-A538-AA8B2897848D,27.5,55.08,95
2021/07/09 8:30:58,FAF90C9F-794A-46F2-A538-AA8B2897848D,27.8,54.64,94
2021/07/09 9:01:04,FAF90C9F-794A-46F2-A538-AA8B2897848D,24.3,54.93,73
2021/07/09 9:31:10,FAF90C9F-794A-46F2-A538-AA8B2897848D,24.7,54.96,78
2021/07/09 10:01:16,FAF90C9F-794A-46F2-A538-AA8B2897848D,24.6,55.08,77
2021/07/09 10:31:22,FAF90C9F-794A-46F2-A538-AA8B2897848D,24.6,55.54,78
2021/07/09 11:01:28,FAF90C9F-794A-46F2-A538-AA8B2897848D,25,55.52,77
2021/07/09 11:31:35,FAF90C9F-794A-46F2-A538-AA8B2897848D,24.5,56.27,77
2021/07/09 12:01:41,FAF90C9F-794A-46F2-A538-AA8B2897848D,24.4,57.28,77
2021/07/09 12:31:47,FAF90C9F-794A-46F2-A538-AA8B2897848D,24.2,56.52,76
2021/07/09 13:01:53,FAF90C9F-794A-46F2-A538-AA8B2897848D,25.4,56.08,91
2021/07/09 13:32,FAF90C9F-794A-46F2-A538-AA8B2897848D,23.6,57.06,75
2021/07/09 14:02:06,FAF90C9F-794A-46F2-A538-AA8B2897848D,24,57.25,79
2021/07/09 14:32:12,FAF90C9F-794A-46F2-A538-AA8B2897848D,25.8,57.4,95
2021/07/09 15:02:18,FAF90C9F-794A-46F2-A538-AA8B2897848D,24.9,57.52,82
2021/07/09 15:32:25,FAF90C9F-794A-46F2-A538-AA8B2897848D,25.5,57.89,89
2021/07/09 16:02:31,FAF90C9F-794A-46F2-A538-AA8B2897848D,26.9,57.96,94
2021/07/09 16:32:37,FAF90C9F-794A-46F2-A538-AA8B2897848D,25.9,58.08,87
2021/07/09 17:02:43,FAF90C9F-794A-46F2-A538-AA8B2897848D,25.2,57.91,81
2021/07/09 17:32:49,FAF90C9F-794A-46F2-A538-AA8B2897848D,24.9,58.03,79
2021/07/09 18:02:55,FAF90C9F-794A-46F2-A538-AA8B2897848D,26,58.11,94
2021/07/09 18:33:01,FAF90C9F-794A-46F2-A538-AA8B2897848D,27.3,57.93,94
2021/07/09 19:03:07,FAF90C9F-794A-46F2-A538-AA8B2897848D,27.3,57.91,91
2021/07/09 19:33:14,FAF90C9F-794A-46F2-A538-AA8B2897848D,27.3,57.71,90
2021/07/09 20:03:20,FAF90C9F-794A-46F2-A538-AA8B2897848D,27.4,57.42,90
2021/07/09 20:33:26,FAF90C9F-794A-46F2-A538-AA8B2897848D,25,57.28,76
2021/07/09 21:03:32,FAF90C9F-794A-46F2-A538-AA8B2897848D,26.2,57.42,93
2021/07/09 21:33:38,FAF90C9F-794A-46F2-A538-AA8B2897848D,27.3,57.42,94
2021/07/09 22:03:44,FAF90C9F-794A-46F2-A538-AA8B2897848D,26.1,57.57,82
2021/07/09 22:33:50,FAF90C9F-794A-46F2-A538-AA8B2897848D,27.3,57.42,93
2021/07/09 23:03:56,FAF90C9F-794A-46F2-A538-AA8B2897848D,27.1,57.4,93
2021/07/09 23:34:03,FAF90C9F-794A-46F2-A538-AA8B2897848D,27.1,57.06,92
2021/07/10 0:04:09,FAF90C9F-794A-46F2-A538-AA8B2897848D,27.1,56.64,92
2021/07/10 0:34:15,FAF90C9F-794A-46F2-A538-AA8B2897848D,27.1,56.64,91
2021/07/10 1:04:21,FAF90C9F-794A-46F2-A538-AA8B2897848D,27.1,63.94,93
2021/07/10 1:34:28,FAF90C9F-794A-46F2-A538-AA8B2897848D,27.1,60.28,93
2021/07/10 2:04:33,FAF90C9F-794A-46F2-A538-AA8B2897848D,27.1,60.82,94
2021/07/10 2:34:40,FAF90C9F-794A-46F2-A538-AA8B2897848D,27.1,63.01,95
2021/07/10 3:04:46,FAF90C9F-794A-46F2-A538-AA8B2897848D,27.1,61.01,95
2021/07/10 3:34:52,FAF90C9F-794A-46F2-A538-AA8B2897848D,27.1,60.57,95
2021/07/10 4:04:58,FAF90C9F-794A-46F2-A538-AA8B2897848D,27.2,59.84,94
2021/07/10 4:35:05,FAF90C9F-794A-46F2-A538-AA8B2897848D,27.3,59.59,95
2021/07/10 5:05:11,FAF90C9F-794A-46F2-A538-AA8B2897848D,27.2,58.64,95
2021/07/10 5:35:17,FAF90C9F-794A-46F2-A538-AA8B2897848D,27.1,58.72,95
2021/07/10 6:05:23,FAF90C9F-794A-46F2-A538-AA8B2897848D,27.1,57.2,95
2021/07/10 6:35:30,FAF90C9F-794A-46F2-A538-AA8B2897848D,27.3,56.52,94
2021/07/10 7:05:36,FAF90C9F-794A-46F2-A538-AA8B2897848D,27.4,56.79,95
2021/07/10 7:35:42,FAF90C9F-794A-46F2-A538-AA8B2897848D,27.4,56.2,94
2021/07/10 8:05:48,FAF90C9F-794A-46F2-A538-AA8B2897848D,27.5,55.62,92
2021/07/10 8:35:54,FAF90C9F-794A-46F2-A538-AA8B2897848D,27.3,56.1,89
2021/07/10 9:06,FAF90C9F-794A-46F2-A538-AA8B2897848D,27.6,54.81,90
2021/07/10 9:36:07,FAF90C9F-794A-46F2-A538-AA8B2897848D,27.9,54.32,91
2021/07/10 10:06:13,FAF90C9F-794A-46F2-A538-AA8B2897848D,25.9,59.25,78
2021/07/10 10:36:19,FAF90C9F-794A-46F2-A538-AA8B2897848D,27.3,54.81,93
2021/07/10 11:06:25,FAF90C9F-794A-46F2-A538-AA8B2897848D,27.8,54.93,91
2021/07/10 11:36:32,FAF90C9F-794A-46F2-A538-AA8B2897848D,27.8,55.08,88
2021/07/10 12:06:38,FAF90C9F-794A-46F2-A538-AA8B2897848D,28,55.08,88
2021/07/10 12:36:44,FAF90C9F-794A-46F2-A538-AA8B2897848D,28,55.2,87
2021/07/10 13:06:50,FAF90C9F-794A-46F2-A538-AA8B2897848D,28,55.52,87
2021/07/10 13:36:56,FAF90C9F-794A-46F2-A538-AA8B2897848D,28.1,55.47,86
2021/07/10 14:07:02,FAF90C9F-794A-46F2-A538-AA8B2897848D,28.1,55.44,86
2021/07/10 14:37:08,FAF90C9F-794A-46F2-A538-AA8B2897848D,28.2,55.47,85
2021/07/10 15:07:14,FAF90C9F-794A-46F2-A538-AA8B2897848D,28.2,55.44,84
2021/07/10 15:37:21,FAF90C9F-794A-46F2-A538-AA8B2897848D,28.2,55.49,83
2021/07/10 16:07:27,FAF90C9F-794A-46F2-A538-AA8B2897848D,28.3,55.64,85
2021/07/10 16:37:33,FAF90C9F-794A-46F2-A538-AA8B2897848D,28.3,55.71,85
2021/07/10 17:07:39,FAF90C9F-794A-46F2-A538-AA8B2897848D,28.2,55.59,85
2021/07/10 17:37:45,FAF90C9F-794A-46F2-A538-AA8B2897848D,28,55.03,86
2021/07/10 18:07:52,FAF90C9F-794A-46F2-A538-AA8B2897848D,26.8,54.66,74
2021/07/10 18:37:58,FAF90C9F-794A-46F2-A538-AA8B2897848D,26.8,54.3,74
2021/07/10 19:08:04,FAF90C9F-794A-46F2-A538-AA8B2897848D,26.6,54.13,74
2021/07/10 19:38:10,FAF90C9F-794A-46F2-A538-AA8B2897848D,27.1,53.83,75
2021/07/10 20:08:16,FAF90C9F-794A-46F2-A538-AA8B2897848D,27.6,53.88,81
2021/07/10 20:38:22,FAF90C9F-794A-46F2-A538-AA8B2897848D,27.7,53.98,85
2021/07/10 21:08:28,FAF90C9F-794A-46F2-A538-AA8B2897848D,27.8,53.98,87
2021/07/10 21:38:34,FAF90C9F-794A-46F2-A538-AA8B2897848D,27.8,53.88,87
2021/07/10 22:08:40,FAF90C9F-794A-46F2-A538-AA8B2897848D,27.8,53.78,87
2021/07/10 22:38:46,FAF90C9F-794A-46F2-A538-AA8B2897848D,27.7,53.98,86
2021/07/10 23:08:52,FAF90C9F-794A-46F2-A538-AA8B2897848D,27.7,53.64,84
2021/07/10 23:38:59,FAF90C9F-794A-46F2-A538-AA8B2897848D,27.7,53.25,85
2021/07/11 0:09:05,FAF90C9F-794A-46F2-A538-AA8B2897848D,27.8,52.98,82
2021/07/11 0:39:11,FAF90C9F-794A-46F2-A538-AA8B2897848D,27.3,52.73,83
2021/07/11 1:09:17,FAF90C9F-794A-46F2-A538-AA8B2897848D,27.6,52.42,82
2021/07/11 1:39:23,FAF90C9F-794A-46F2-A538-AA8B2897848D,27.7,52.27,82
2021/07/11 2:09:29,FAF90C9F-794A-46F2-A538-AA8B2897848D,27.6,52,82
2021/07/11 2:39:35,FAF90C9F-794A-46F2-A538-AA8B2897848D,27.6,50.9,83
2021/07/11 3:09:41,FAF90C9F-794A-46F2-A538-AA8B2897848D,27.6,50.76,84
2021/07/11 3:39:47,FAF90C9F-794A-46F2-A538-AA8B2897848D,27.6,50.66,83
2021/07/11 4:09:53,FAF90C9F-794A-46F2-A538-AA8B2897848D,27.5,50.51,82
2021/07/11 4:39:59,FAF90C9F-794A-46F2-A538-AA8B2897848D,27.5,50.39,81
2021/07/11 5:10:05,FAF90C9F-794A-46F2-A538-AA8B2897848D,27.5,50.27,79
2021/07/11 5:40:12,FAF90C9F-794A-46F2-A538-AA8B2897848D,27.5,49.68,79
2021/07/11 6:10:18,FAF90C9F-794A-46F2-A538-AA8B2897848D,27.5,49.61,80
2021/07/11 6:40:24,FAF90C9F-794A-46F2-A538-AA8B2897848D,27.6,49.61,80
2021/07/11 7:10:30,FAF90C9F-794A-46F2-A538-AA8B2897848D,27.6,49.37,78
2021/07/11 7:40:37,FAF90C9F-794A-46F2-A538-AA8B2897848D,27.8,49.24,78
2021/07/11 8:10:43,FAF90C9F-794A-46F2-A538-AA8B2897848D,27.9,48.95,76
2021/07/11 8:40:49,FAF90C9F-794A-46F2-A538-AA8B2897848D,27.9,48.83,74
2021/07/11 9:10:55,FAF90C9F-794A-46F2-A538-AA8B2897848D,27.9,48.9,75
2021/07/11 9:41:02,FAF90C9F-794A-46F2-A538-AA8B2897848D,27.9,48.44,78
2021/07/11 10:11:08,FAF90C9F-794A-46F2-A538-AA8B2897848D,28.1,47.27,72
2021/07/11 10:41:14,FAF90C9F-794A-46F2-A538-AA8B2897848D,28.5,46.51,70
2021/07/11 11:11:20,FAF90C9F-794A-46F2-A538-AA8B2897848D,28.8,48.05,68
2021/07/11 11:41:26,FAF90C9F-794A-46F2-A538-AA8B2897848D,28.2,48.32,73
2021/07/11 12:11:32,FAF90C9F-794A-46F2-A538-AA8B2897848D,25.5,47.97,70
2021/07/11 12:41:39,FAF90C9F-794A-46F2-A538-AA8B2897848D,25.7,47.49,73
2021/07/11 13:11:45,FAF90C9F-794A-46F2-A538-AA8B2897848D,25.4,47.66,73
2021/07/11 13:41:51,FAF90C9F-794A-46F2-A538-AA8B2897848D,25,47.51,74
2021/07/11 14:11:57,FAF90C9F-794A-46F2-A538-AA8B2897848D,26.5,47.39,85
2021/07/11 14:42:03,FAF90C9F-794A-46F2-A538-AA8B2897848D,27.4,47.34,79
2021/07/11 15:12:09,FAF90C9F-794A-46F2-A538-AA8B2897848D,27.8,47.36,77
2021/07/11 15:42:16,FAF90C9F-794A-46F2-A538-AA8B2897848D,28.2,47.92,77
2021/07/11 16:12:22,FAF90C9F-794A-46F2-A538-AA8B2897848D,28.5,46.8,78
2021/07/11 16:42:28,FAF90C9F-794A-46F2-A538-AA8B2897848D,25.5,46.53,65
2021/07/11 17:12:34,FAF90C9F-794A-46F2-A538-AA8B2897848D,27.8,46.8,79
2021/07/11 17:42:41,FAF90C9F-794A-46F2-A538-AA8B2897848D,27.9,46.75,75
2021/07/11 18:12:47,FAF90C9F-794A-46F2-A538-AA8B2897848D,28,46.61,75
2021/07/11 18:42:53,FAF90C9F-794A-46F2-A538-AA8B2897848D,28.1,46.56,75
2021/07/11 19:12:59,FAF90C9F-794A-46F2-A538-AA8B2897848D,28.2,46.88,75
2021/07/11 19:43:05,FAF90C9F-794A-46F2-A538-AA8B2897848D,28.1,46.7,75
2021/07/11 20:13:11,FAF90C9F-794A-46F2-A538-AA8B2897848D,28,46.51,76
2021/07/11 20:43:18,FAF90C9F-794A-46F2-A538-AA8B2897848D,28,46.22,76
2021/07/11 21:13:24,FAF90C9F-794A-46F2-A538-AA8B2897848D,26.4,45.7,67
2021/07/11 21:43:30,FAF90C9F-794A-46F2-A538-AA8B2897848D,26.5,45.34,65
2021/07/11 22:13:36,FAF90C9F-794A-46F2-A538-AA8B2897848D,26.2,44.85,65
2021/07/11 22:43:43,FAF90C9F-794A-46F2-A538-AA8B2897848D,26.9,44.6,63
2021/07/11 23:13:49,FAF90C9F-794A-46F2-A538-AA8B2897848D,27.4,44.9,66
2021/07/11 23:43:55,FAF90C9F-794A-46F2-A538-AA8B2897848D,27.6,45.26,70
2021/07/12 0:14:01,FAF90C9F-794A-46F2-A538-AA8B2897848D,27.6,45.48,73
2021/07/12 0:44:07,FAF90C9F-794A-46F2-A538-AA8B2897848D,27.7,45.46,75
2021/07/12 1:14:13,FAF90C9F-794A-46F2-A538-AA8B2897848D,27.8,45.31,76
2021/07/12 1:44:19,FAF90C9F-794A-46F2-A538-AA8B2897848D,27.8,45.53,77
2021/07/12 2:14:25,FAF90C9F-794A-46F2-A538-AA8B2897848D,27.8,45.31,80
2021/07/12 2:44:31,FAF90C9F-794A-46F2-A538-AA8B2897848D,27.9,45.14,80
2021/07/12 3:14:37,FAF90C9F-794A-46F2-A538-AA8B2897848D,27.9,44.95,79
2021/07/12 3:44:43,FAF90C9F-794A-46F2-A538-AA8B2897848D,27.9,44.8,79
2021/07/12 4:14:49,FAF90C9F-794A-46F2-A538-AA8B2897848D,27.9,44.7,79
2021/07/12 4:44:55,FAF90C9F-794A-46F2-A538-AA8B2897848D,27.9,44.43,79
2021/07/12 5:15:01,FAF90C9F-794A-46F2-A538-AA8B2897848D,27.9,44.38,79
2021/07/12 5:45:07,FAF90C9F-794A-46F2-A538-AA8B2897848D,27.9,44.34,79
2021/07/12 6:15:13,FAF90C9F-794A-46F2-A538-AA8B2897848D,27.9,44.26,79
2021/07/12 6:45:20,FAF90C9F-794A-46F2-A538-AA8B2897848D,27.9,44.12,79
2021/07/12 7:15:26,FAF90C9F-794A-46F2-A538-AA8B2897848D,28,44.09,79
2021/07/12 7:45:32,FAF90C9F-794A-46F2-A538-AA8B2897848D,28,44.04,81
2021/07/12 8:15:38,FAF90C9F-794A-46F2-A538-AA8B2897848D,28.2,44.19,81
2021/07/12 8:45:44,FAF90C9F-794A-46F2-A538-AA8B2897848D,25.7,43.19,65
2021/07/12 9:15:50,FAF90C9F-794A-46F2-A538-AA8B2897848D,25.9,43.21,74
2021/07/12 9:45:57,FAF90C9F-794A-46F2-A538-AA8B2897848D,25.6,42.82,74
2021/07/12 10:16:02,FAF90C9F-794A-46F2-A538-AA8B2897848D,25.3,42.58,75
2021/07/12 10:46:09,FAF90C9F-794A-46F2-A538-AA8B2897848D,25.5,42.72,76
2021/07/12 11:16:15,FAF90C9F-794A-46F2-A538-AA8B2897848D,25.4,42.58,75
2021/07/12 11:46:21,FAF90C9F-794A-46F2-A538-AA8B2897848D,25.4,42.58,75
2021/07/12 12:16:27,FAF90C9F-794A-46F2-A538-AA8B2897848D,25.6,42.53,78
2021/07/12 12:46:34,FAF90C9F-794A-46F2-A538-AA8B2897848D,25.7,42.43,77
2021/07/12 13:16:40,FAF90C9F-794A-46F2-A538-AA8B2897848D,26,42.82,83
2021/07/12 13:46:46,FAF90C9F-794A-46F2-A538-AA8B2897848D,25.8,42.48,81
2021/07/12 14:16:52,FAF90C9F-794A-46F2-A538-AA8B2897848D,25.4,41.82,76
2021/07/12 14:46:58,FAF90C9F-794A-46F2-A538-AA8B2897848D,25.3,41.72,75
2021/07/12 15:17:04,FAF90C9F-794A-46F2-A538-AA8B2897848D,24.8,41.5,75
2021/07/12 15:47:11,FAF90C9F-794A-46F2-A538-AA8B2897848D,24.9,41.46,75
2021/07/12 16:17:17,FAF90C9F-794A-46F2-A538-AA8B2897848D,24.8,41.26,75
2021/07/12 16:47:23,FAF90C9F-794A-46F2-A538-AA8B2897848D,24.6,41.16,74
2021/07/12 17:17:29,FAF90C9F-794A-46F2-A538-AA8B2897848D,24.4,40.87,74
2021/07/12 17:47:36,FAF90C9F-794A-46F2-A538-AA8B2897848D,24.3,40.7,74
2021/07/12 18:17:42,FAF90C9F-794A-46F2-A538-AA8B2897848D,25.8,40.8,77
2021/07/12 18:47:48,FAF90C9F-794A-46F2-A538-AA8B2897848D,25.9,40.77,75
2021/07/12 19:17:54,FAF90C9F-794A-46F2-A538-AA8B2897848D,26.9,40.8,86
2021/07/12 19:48:02,FAF90C9F-794A-46F2-A538-AA8B2897848D,27,40.58,84
2021/07/12 20:18:08,FAF90C9F-794A-46F2-A538-AA8B2897848D,27.1,40.26,77
2021/07/12 20:48:14,FAF90C9F-794A-46F2-A538-AA8B2897848D,27.2,40.21,77
2021/07/12 21:18:20,FAF90C9F-794A-46F2-A538-AA8B2897848D,26.5,39.87,71
2021/07/12 21:48:26,FAF90C9F-794A-46F2-A538-AA8B2897848D,26.4,39.48,69
2021/07/12 22:18:32,FAF90C9F-794A-46F2-A538-AA8B2897848D,27,39.48,75
2021/07/12 22:48:39,FAF90C9F-794A-46F2-A538-AA8B2897848D,27.2,39.7,77
2021/07/12 23:18:45,FAF90C9F-794A-46F2-A538-AA8B2897848D,27.1,39.53,78
2021/07/12 23:48:51,FAF90C9F-794A-46F2-A538-AA8B2897848D,27.2,39.43,77
2021/07/13 0:18:57,FAF90C9F-794A-46F2-A538-AA8B2897848D,27.2,39.14,76
2021/07/13 0:49:04,FAF90C9F-794A-46F2-A538-AA8B2897848D,27.1,39.04,76
2021/07/13 1:19:10,FAF90C9F-794A-46F2-A538-AA8B2897848D,27.1,38.82,75
2021/07/13 1:49:16,FAF90C9F-794A-46F2-A538-AA8B2897848D,27.1,38.67,75
2021/07/13 2:19:22,FAF90C9F-794A-46F2-A538-AA8B2897848D,27.2,38.65,75
2021/07/13 2:49:28,FAF90C9F-794A-46F2-A538-AA8B2897848D,27.1,38.67,78
2021/07/13 3:19:34,FAF90C9F-794A-46F2-A538-AA8B2897848D,27,38.65,79
2021/07/13 3:49:40,FAF90C9F-794A-46F2-A538-AA8B2897848D,27,38.6,79
2021/07/13 4:19:46,FAF90C9F-794A-46F2-A538-AA8B2897848D,27,38.6,79
2021/07/13 4:49:52,FAF90C9F-794A-46F2-A538-AA8B2897848D,27.1,38.35,79
2021/07/13 5:19:58,FAF90C9F-794A-46F2-A538-AA8B2897848D,27.2,38.21,78
2021/07/13 5:50:05,FAF90C9F-794A-46F2-A538-AA8B2897848D,27.1,38.18,78
2021/07/13 6:20:11,FAF90C9F-794A-46F2-A538-AA8B2897848D,27.1,37.92,79
2021/07/13 6:50:18,FAF90C9F-794A-46F2-A538-AA8B2897848D,27.1,37.89,78
2021/07/13 7:20:24,FAF90C9F-794A-46F2-A538-AA8B2897848D,27.2,37.96,77
2021/07/13 7:50:30,FAF90C9F-794A-46F2-A538-AA8B2897848D,27.4,37.65,78
2021/07/13 8:20:36,FAF90C9F-794A-46F2-A538-AA8B2897848D,27.6,60.23,78
2021/07/13 8:50:42,FAF90C9F-794A-46F2-A538-AA8B2897848D,24.5,35.55,64
2021/07/13 9:20:48,FAF90C9F-794A-46F2-A538-AA8B2897848D,25,35.57,74
2021/07/13 9:50:54,FAF90C9F-794A-46F2-A538-AA8B2897848D,24.7,35.77,74
2021/07/13 10:21,FAF90C9F-794A-46F2-A538-AA8B2897848D,24.7,35.4,73
2021/07/13 10:51:06,FAF90C9F-794A-46F2-A538-AA8B2897848D,24.8,34.79,74
2021/07/13 11:21:12,FAF90C9F-794A-46F2-A538-AA8B2897848D,24.7,34.69,74
2021/07/13 11:51:19,FAF90C9F-794A-46F2-A538-AA8B2897848D,24.8,34.2,74
2021/07/13 12:21:25,FAF90C9F-794A-46F2-A538-AA8B2897848D,24.7,34.08,74
2021/07/13 12:51:31,FAF90C9F-794A-46F2-A538-AA8B2897848D,24.7,34.4,74
2021/07/13 13:21:37,FAF90C9F-794A-46F2-A538-AA8B2897848D,24.3,34.77,74
2021/07/13 13:51:43,FAF90C9F-794A-46F2-A538-AA8B2897848D,23.8,34.5,69
2021/07/13 14:21:49,FAF90C9F-794A-46F2-A538-AA8B2897848D,24.4,34.55,73
2021/07/13 14:51:55,FAF90C9F-794A-46F2-A538-AA8B2897848D,25.4,34.59,76
2021/07/13 15:22:01,FAF90C9F-794A-46F2-A538-AA8B2897848D,24.8,34.77,75
2021/07/13 15:52:07,FAF90C9F-794A-46F2-A538-AA8B2897848D,24.8,34.69,74
2021/07/13 16:22:13,FAF90C9F-794A-46F2-A538-AA8B2897848D,24.6,34.77,74
2021/07/13 16:52:20,FAF90C9F-794A-46F2-A538-AA8B2897848D,24.6,34.89,74
2021/07/13 17:22:26,FAF90C9F-794A-46F2-A538-AA8B2897848D,25.8,34.74,85
2021/07/13 17:52:33,FAF90C9F-794A-46F2-A538-AA8B2897848D,23.9,34.72,70
2021/07/13 18:22:38,FAF90C9F-794A-46F2-A538-AA8B2897848D,24.4,34.94,75
2021/07/13 18:52:45,FAF90C9F-794A-46F2-A538-AA8B2897848D,25.1,35.13,81
2021/07/13 19:22:51,FAF90C9F-794A-46F2-A538-AA8B2897848D,24,34.45,71
2021/07/13 19:52:57,FAF90C9F-794A-46F2-A538-AA8B2897848D,24.3,34.52,76
2021/07/13 20:23:04,FAF90C9F-794A-46F2-A538-AA8B2897848D,24.5,34.45,77
2021/07/13 20:53:10,FAF90C9F-794A-46F2-A538-AA8B2897848D,24.3,34.5,76
2021/07/13 21:23:16,FAF90C9F-794A-46F2-A538-AA8B2897848D,24.3,34.38,75
2021/07/13 21:53:22,FAF90C9F-794A-46F2-A538-AA8B2897848D,24.4,52.71,76
2021/07/13 22:23:28,FAF90C9F-794A-46F2-A538-AA8B2897848D,26.6,35.28,86
2021/07/13 22:53:35,FAF90C9F-794A-46F2-A538-AA8B2897848D,25.6,34.77,67
2021/07/13 23:23:41,FAF90C9F-794A-46F2-A538-AA8B2897848D,25.9,34.77,67
2021/07/13 23:53:47,FAF90C9F-794A-46F2-A538-AA8B2897848D,26,34.77,72
2021/07/14 0:23:53,FAF90C9F-794A-46F2-A538-AA8B2897848D,26.7,35.21,78
2021/07/14 0:53:59,FAF90C9F-794A-46F2-A538-AA8B2897848D,26.8,35.69,81
2021/07/14 1:24:05,FAF90C9F-794A-46F2-A538-AA8B2897848D,26.9,35.77,83
2021/07/14 1:54:12,FAF90C9F-794A-46F2-A538-AA8B2897848D,27,35.62,84
2021/07/14 2:24:18,FAF90C9F-794A-46F2-A538-AA8B2897848D,27.1,35.57,86
2021/07/14 2:54:24,FAF90C9F-794A-46F2-A538-AA8B2897848D,27.1,35.64,85
2021/07/14 3:24:30,FAF90C9F-794A-46F2-A538-AA8B2897848D,27.1,35.57,86
2021/07/14 3:54:36,FAF90C9F-794A-46F2-A538-AA8B2897848D,27.1,35.3,85
2021/07/14 4:24:42,FAF90C9F-794A-46F2-A538-AA8B2897848D,27.1,35.11,86
2021/07/14 4:54:49,FAF90C9F-794A-46F2-A538-AA8B2897848D,27.1,34.91,86
2021/07/14 5:24:55,FAF90C9F-794A-46F2-A538-AA8B2897848D,27.2,34.77,86
2021/07/14 5:55:01,FAF90C9F-794A-46F2-A538-AA8B2897848D,27.2,34.2,86
2021/07/14 6:25:07,FAF90C9F-794A-46F2-A538-AA8B2897848D,27.2,33.54,86
2021/07/14 6:55:13,FAF90C9F-794A-46F2-A538-AA8B2897848D,27.3,33.25,86
2021/07/14 7:25:19,FAF90C9F-794A-46F2-A538-AA8B2897848D,27.4,31.64,86
2021/07/14 7:55:26,FAF90C9F-794A-46F2-A538-AA8B2897848D,25.5,29.32,76
2021/07/14 8:25:31,FAF90C9F-794A-46F2-A538-AA8B2897848D,24.9,29.83,77
2021/07/14 8:55:38,FAF90C9F-794A-46F2-A538-AA8B2897848D,25.1,29.81,81
2021/07/14 9:25:43,FAF90C9F-794A-46F2-A538-AA8B2897848D,24.9,30.44,77
2021/07/14 9:55:50,FAF90C9F-794A-46F2-A538-AA8B2897848D,25,30.93,76
2021/07/14 10:25:56,FAF90C9F-794A-46F2-A538-AA8B2897848D,24.9,30.81,75
2021/07/14 10:56:02,FAF90C9F-794A-46F2-A538-AA8B2897848D,24.7,30.98,74
2021/07/14 11:26:08,FAF90C9F-794A-46F2-A538-AA8B2897848D,24.7,31.1,75
2021/07/14 11:56:14,FAF90C9F-794A-46F2-A538-AA8B2897848D,24.8,30.86,74
2021/07/14 12:26:20,FAF90C9F-794A-46F2-A538-AA8B2897848D,25.1,31.1,75
2021/07/14 12:56:26,FAF90C9F-794A-46F2-A538-AA8B2897848D,24.9,30.54,73
2021/07/14 13:26:32,FAF90C9F-794A-46F2-A538-AA8B2897848D,24.9,30.86,75
2021/07/14 13:56:38,FAF90C9F-794A-46F2-A538-AA8B2897848D,24.6,30.62,75
2021/07/14 14:26:44,FAF90C9F-794A-46F2-A538-AA8B2897848D,24.1,31.18,72
2021/07/14 14:56:50,FAF90C9F-794A-46F2-A538-AA8B2897848D,24.9,32.1,81
2021/07/14 15:26:56,FAF90C9F-794A-46F2-A538-AA8B2897848D,24.4,31.86,79
2021/07/14 15:57:02,FAF90C9F-794A-46F2-A538-AA8B2897848D,24.2,31.76,75
2021/07/14 16:27:08,FAF90C9F-794A-46F2-A538-AA8B2897848D,24.1,31.59,74
2021/07/14 16:57:15,FAF90C9F-794A-46F2-A538-AA8B2897848D,24.1,31.62,74
2021/07/14 17:27:20,FAF90C9F-794A-46F2-A538-AA8B2897848D,24.6,32.23,82
2021/07/14 17:57:27,FAF90C9F-794A-46F2-A538-AA8B2897848D,24.6,32.2,81
2021/07/14 18:27:33,FAF90C9F-794A-46F2-A538-AA8B2897848D,24.3,31.64,76
2021/07/14 18:57:39,FAF90C9F-794A-46F2-A538-AA8B2897848D,24.1,31.57,75
2021/07/14 19:27:45,FAF90C9F-794A-46F2-A538-AA8B2897848D,24.1,31.45,74
2021/07/14 19:57:52,FAF90C9F-794A-46F2-A538-AA8B2897848D,24.8,32.79,82
2021/07/14 20:27:58,FAF90C9F-794A-46F2-A538-AA8B2897848D,24.6,32.42,80
2021/07/14 20:58:04,FAF90C9F-794A-46F2-A538-AA8B2897848D,23.8,31.64,76
2021/07/14 21:28:10,FAF90C9F-794A-46F2-A538-AA8B2897848D,23.5,31.27,75
2021/07/14 21:58:16,FAF90C9F-794A-46F2-A538-AA8B2897848D,24,31.01,76
2021/07/14 22:28:22,FAF90C9F-794A-46F2-A538-AA8B2897848D,24.9,27.05,85
2021/07/14 22:58:29,FAF90C9F-794A-46F2-A538-AA8B2897848D,24.8,24.61,82
2021/07/14 23:28:35,FAF90C9F-794A-46F2-A538-AA8B2897848D,23.9,23.27,76
2021/07/14 23:58:41,FAF90C9F-794A-46F2-A538-AA8B2897848D,23.8,23.61,75
2021/07/15 0:28:47,FAF90C9F-794A-46F2-A538-AA8B2897848D,25.1,23.44,85
2021/07/15 0:58:53,FAF90C9F-794A-46F2-A538-AA8B2897848D,23.9,22.88,77
2021/07/15 1:28:59,FAF90C9F-794A-46F2-A538-AA8B2897848D,25.1,22.61,92
2021/07/15 1:59:06,FAF90C9F-794A-46F2-A538-AA8B2897848D,24.1,21.85,81
2021/07/15 2:29:12,FAF90C9F-794A-46F2-A538-AA8B2897848D,23.7,21.51,77
2021/07/15 2:59:18,FAF90C9F-794A-46F2-A538-AA8B2897848D,23.5,21.44,75
2021/07/15 3:29:24,FAF90C9F-794A-46F2-A538-AA8B2897848D,24.4,22.9,88
2021/07/15 3:59:31,FAF90C9F-794A-46F2-A538-AA8B2897848D,24.9,22.51,87
2021/07/15 4:29:36,FAF90C9F-794A-46F2-A538-AA8B2897848D,23.7,22.27,79
2021/07/15 4:59:43,FAF90C9F-794A-46F2-A538-AA8B2897848D,23.5,23.05,77
2021/07/15 5:29:49,FAF90C9F-794A-46F2-A538-AA8B2897848D,24.7,23.22,91
2021/07/15 5:59:55,FAF90C9F-794A-46F2-A538-AA8B2897848D,25.4,22.51,89
2021/07/15 6:30:01,FAF90C9F-794A-46F2-A538-AA8B2897848D,23.6,22.63,79
2021/07/15 7:00:07,FAF90C9F-794A-46F2-A538-AA8B2897848D,24.8,22.88,90
2021/07/15 7:30:13,FAF90C9F-794A-46F2-A538-AA8B2897848D,25.5,21.9,88
2021/07/15 8:00:20,FAF90C9F-794A-46F2-A538-AA8B2897848D,23.5,21.56,79
2021/07/15 8:30:26,FAF90C9F-794A-46F2-A538-AA8B2897848D,24.9,22.27,90
2021/07/15 9:00:32,FAF90C9F-794A-46F2-A538-AA8B2897848D,25.2,22,87
2021/07/15 9:30:38,FAF90C9F-794A-46F2-A538-AA8B2897848D,24.4,41.94,79
2021/07/15 10:00:44,FAF90C9F-794A-46F2-A538-AA8B2897848D,24.2,23.73,76
2021/07/15 10:30:50,FAF90C9F-794A-46F2-A538-AA8B2897848D,24.1,23,74
2021/07/15 11:00:56,FAF90C9F-794A-46F2-A538-AA8B2897848D,25,23.17,85
2021/07/15 11:31:02,FAF90C9F-794A-46F2-A538-AA8B2897848D,24.6,22.97,80
2021/07/15 12:01:09,FAF90C9F-794A-46F2-A538-AA8B2897848D,24.1,22.34,76
2021/07/15 12:31:15,FAF90C9F-794A-46F2-A538-AA8B2897848D,24,21.95,76
2021/07/15 13:01:21,FAF90C9F-794A-46F2-A538-AA8B2897848D,24.1,22.36,78
2021/07/15 13:31:27,FAF90C9F-794A-46F2-A538-AA8B2897848D,26.8,22.56,78
2021/07/15 14:01:33,FAF90C9F-794A-46F2-A538-AA8B2897848D,27.3,22.56,74
2021/07/15 14:31:39,FAF90C9F-794A-46F2-A538-AA8B2897848D,27,22.68,78
2021/07/15 15:01:46,FAF90C9F-794A-46F2-A538-AA8B2897848D,27.1,22.97,78
2021/07/15 15:31:52,FAF90C9F-794A-46F2-A538-AA8B2897848D,27.3,23.05,78
2021/07/15 16:01:58,FAF90C9F-794A-46F2-A538-AA8B2897848D,27.3,26.86,77
2021/07/15 16:32:04,FAF90C9F-794A-46F2-A538-AA8B2897848D,27.3,23.75,79
2021/07/15 17:02:11,FAF90C9F-794A-46F2-A538-AA8B2897848D,27.3,23.88,79
2021/07/15 17:32:17,FAF90C9F-794A-46F2-A538-AA8B2897848D,27.4,51.56,79
2021/07/15 18:02:23,FAF90C9F-794A-46F2-A538-AA8B2897848D,27.4,29.22,80
2021/07/15 18:32:29,FAF90C9F-794A-46F2-A538-AA8B2897848D,27.4,23.95,81
2021/07/15 19:02:35,FAF90C9F-794A-46F2-A538-AA8B2897848D,26.5,23.97,70
2021/07/15 19:32:41,FAF90C9F-794A-46F2-A538-AA8B2897848D,27,23.97,78
2021/07/15 20:02:48,FAF90C9F-794A-46F2-A538-AA8B2897848D,27,23.75,81
2021/07/15 20:32:54,FAF90C9F-794A-46F2-A538-AA8B2897848D,26.5,23.49,72
2021/07/15 21:03,FAF90C9F-794A-46F2-A538-AA8B2897848D,26.3,23.32,71
2021/07/15 21:33:06,FAF90C9F-794A-46F2-A538-AA8B2897848D,26.2,23.07,71
2021/07/15 22:03:12,FAF90C9F-794A-46F2-A538-AA8B2897848D,26,22.95,71
2021/07/15 22:33:18,FAF90C9F-794A-46F2-A538-AA8B2897848D,26,22.58,69
2021/07/15 23:03:25,FAF90C9F-794A-46F2-A538-AA8B2897848D,26.1,22.53,70
2021/07/30 10:31:27,FAF90C9F-794A-46F2-A538-AA8B2897848D,26.5,19.36,53
2021/07/30 10:32:16,FAF90C9F-794A-46F2-A538-AA8B2897848D,26.3,18.82,55
2021/07/30 10:35:21,FAF90C9F-794A-46F2-A538-AA8B2897848D,26.3,16.85,55
2021/07/30 10:36:52,FAF90C9F-794A-46F2-A538-AA8B2897848D,26,18.48,57
2021/07/30 11:06:59,FAF90C9F-794A-46F2-A538-AA8B2897848D,26,21.17,57
2021/07/30 11:37:05,FAF90C9F-794A-46F2-A538-AA8B2897848D,26,21.95,57
2021/07/30 12:07:11,FAF90C9F-794A-46F2-A538-AA8B2897848D,27.6,20.65,61
2021/07/30 12:37:18,FAF90C9F-794A-46F2-A538-AA8B2897848D,28.3,20.17,67
2021/07/30 13:07:23,FAF90C9F-794A-46F2-A538-AA8B2897848D,28.7,21.19,70
2021/07/30 13:37:30,FAF90C9F-794A-46F2-A538-AA8B2897848D,28.9,21.24,71
2021/07/30 14:07:36,FAF90C9F-794A-46F2-A538-AA8B2897848D,29,20.85,72
2021/07/30 14:37:42,FAF90C9F-794A-46F2-A538-AA8B2897848D,29.1,20.83,72
2021/07/30 15:07:48,FAF90C9F-794A-46F2-A538-AA8B2897848D,29.2,20.95,72
2021/07/30 15:37:54,FAF90C9F-794A-46F2-A538-AA8B2897848D,29.3,21.8,73
2021/07/30 16:08,FAF90C9F-794A-46F2-A538-AA8B2897848D,29.3,20.7,73
2021/07/30 16:38:07,FAF90C9F-794A-46F2-A538-AA8B2897848D,29.3,20,72
2021/07/30 17:08:13,FAF90C9F-794A-46F2-A538-AA8B2897848D,29.3,19.92,71
2021/07/30 17:38:19,FAF90C9F-794A-46F2-A538-AA8B2897848D,29.3,19.68,70
2021/07/30 18:08:25,FAF90C9F-794A-46F2-A538-AA8B2897848D,29.4,19.09,69
2021/07/30 18:38:32,FAF90C9F-794A-46F2-A538-AA8B2897848D,29.3,18.77,69
2021/07/31 8:35:39,FAF90C9F-794A-46F2-A538-AA8B2897848D,29.4,33.06,74
2021/07/31 9:05:45,FAF90C9F-794A-46F2-A538-AA8B2897848D,29.4,32.54,74
2021/07/31 9:35:51,FAF90C9F-794A-46F2-A538-AA8B2897848D,26.9,33.45,60
2021/07/31 10:05:57,FAF90C9F-794A-46F2-A538-AA8B2897848D,26.2,33.94,69
2021/07/31 10:36:03,FAF90C9F-794A-46F2-A538-AA8B2897848D,26.6,35.18,70
2021/07/31 11:06:09,FAF90C9F-794A-46F2-A538-AA8B2897848D,28,35.33,81
2021/07/31 11:36:16,FAF90C9F-794A-46F2-A538-AA8B2897848D,27.6,35.47,67
2021/07/31 12:06:22,FAF90C9F-794A-46F2-A538-AA8B2897848D,27.6,34.74,66
2021/07/31 12:36:28,FAF90C9F-794A-46F2-A538-AA8B2897848D,28.4,34.77,70
2021/07/31 13:06:34,FAF90C9F-794A-46F2-A538-AA8B2897848D,28.7,35.28,71
2021/07/31 13:36:40,FAF90C9F-794A-46F2-A538-AA8B2897848D,28.9,33.98,70
2021/08/02 11:06:03,FAF90C9F-794A-46F2-A538-AA8B2897848D,26.5,38.89,62
2021/08/02 11:36:09,FAF90C9F-794A-46F2-A538-AA8B2897848D,26.3,37.89,62
2021/08/02 12:06:15,FAF90C9F-794A-46F2-A538-AA8B2897848D,25.8,39.33,66
2021/08/02 12:36:21,FAF90C9F-794A-46F2-A538-AA8B2897848D,25.9,39.06,67
2021/08/02 13:06:28,FAF90C9F-794A-46F2-A538-AA8B2897848D,25.7,39.82,69
2021/08/02 13:36:34,FAF90C9F-794A-46F2-A538-AA8B2897848D,25.8,41.16,68
2021/08/02 14:06:40,FAF90C9F-794A-46F2-A538-AA8B2897848D,25.9,40.28,66
2021/08/02 14:36:46,FAF90C9F-794A-46F2-A538-AA8B2897848D,25.9,40.23,65
2021/08/02 15:06:53,FAF90C9F-794A-46F2-A538-AA8B2897848D,26,40.63,66
2021/08/02 15:36:59,FAF90C9F-794A-46F2-A538-AA8B2897848D,26,39.18,68
2021/08/02 16:07:05,FAF90C9F-794A-46F2-A538-AA8B2897848D,26,39.7,69
2021/08/02 16:37:11,FAF90C9F-794A-46F2-A538-AA8B2897848D,26,38.79,69
2021/08/02 17:07:17,FAF90C9F-794A-46F2-A538-AA8B2897848D,25.9,39.45,69
2021/08/02 17:37:23,FAF90C9F-794A-46F2-A538-AA8B2897848D,26,38.72,71
2021/08/02 18:07:30,FAF90C9F-794A-46F2-A538-AA8B2897848D,26,38.67,74
2021/08/02 18:37:36,FAF90C9F-794A-46F2-A538-AA8B2897848D,26.2,36.16,76
2021/08/02 19:07:42,FAF90C9F-794A-46F2-A538-AA8B2897848D,26.2,37.92,78
2021/08/02 19:37:48,FAF90C9F-794A-46F2-A538-AA8B2897848D,27,39.72,89
2021/08/02 20:07:54,FAF90C9F-794A-46F2-A538-AA8B2897848D,27.6,39.14,89
2021/08/02 20:38,FAF90C9F-794A-46F2-A538-AA8B2897848D,26.8,37.26,66
2021/08/02 21:08:07,FAF90C9F-794A-46F2-A538-AA8B2897848D,26.3,37.84,62
2021/08/02 21:38:13,FAF90C9F-794A-46F2-A538-AA8B2897848D,26.5,38.18,65
2021/08/02 22:08:19,FAF90C9F-794A-46F2-A538-AA8B2897848D,26.5,38.16,62
2021/08/02 22:38:25,FAF90C9F-794A-46F2-A538-AA8B2897848D,26.4,37.62,61
2021/08/02 23:08:32,FAF90C9F-794A-46F2-A538-AA8B2897848D,26.5,39.5,64
2021/08/02 23:38:38,FAF90C9F-794A-46F2-A538-AA8B2897848D,26.6,39.06,62
2021/08/03 0:08:44,FAF90C9F-794A-46F2-A538-AA8B2897848D,27.5,38.89,69
2021/08/03 0:38:50,FAF90C9F-794A-46F2-A538-AA8B2897848D,27.8,40.01,77
2021/08/03 1:08:56,FAF90C9F-794A-46F2-A538-AA8B2897848D,28,40.31,80
2021/08/03 1:39:02,FAF90C9F-794A-46F2-A538-AA8B2897848D,28.2,40.38,81
2021/08/03 2:09:09,FAF90C9F-794A-46F2-A538-AA8B2897848D,28.2,38.96,81
2021/08/03 2:39:15,FAF90C9F-794A-46F2-A538-AA8B2897848D,28.3,38.62,80
2021/08/03 3:09:21,FAF90C9F-794A-46F2-A538-AA8B2897848D,28.3,38.92,79
2021/08/03 3:39:27,FAF90C9F-794A-46F2-A538-AA8B2897848D,28.4,38.84,80
2021/08/03 4:09:33,FAF90C9F-794A-46F2-A538-AA8B2897848D,28.4,38.65,81
2021/08/03 4:39:39,FAF90C9F-794A-46F2-A538-AA8B2897848D,28.4,39.43,84
2021/08/03 5:09:45,FAF90C9F-794A-46F2-A538-AA8B2897848D,28.4,39.45,85
2021/08/03 5:39:51,FAF90C9F-794A-46F2-A538-AA8B2897848D,28.3,40.33,86
2021/08/03 6:09:58,FAF90C9F-794A-46F2-A538-AA8B2897848D,28.4,38.57,85
2021/08/03 6:40:04,FAF90C9F-794A-46F2-A538-AA8B2897848D,28.4,39.75,85
2021/08/03 7:10:10,FAF90C9F-794A-46F2-A538-AA8B2897848D,28.2,39.11,79
2021/08/03 7:40:16,FAF90C9F-794A-46F2-A538-AA8B2897848D,27.4,37.96,70
2021/08/03 8:10:22,FAF90C9F-794A-46F2-A538-AA8B2897848D,27.4,39.28,69
2021/08/03 8:40:28,FAF90C9F-794A-46F2-A538-AA8B2897848D,26,39.53,67
2021/08/03 9:10:35,FAF90C9F-794A-46F2-A538-AA8B2897848D,26.1,37.62,69
2021/08/03 9:40:41,FAF90C9F-794A-46F2-A538-AA8B2897848D,25.8,39.77,79
2021/08/03 10:10:47,FAF90C9F-794A-46F2-A538-AA8B2897848D,25.3,38.82,69
2021/08/03 10:40:53,FAF90C9F-794A-46F2-A538-AA8B2897848D,26,38.53,82
2021/08/03 11:10:59,FAF90C9F-794A-46F2-A538-AA8B2897848D,27.3,38.99,89
2021/08/10 10:03:46,FAF90C9F-794A-46F2-A538-AA8B2897848D,26.1,0.02,68
2021/08/10 10:21:50,FAF90C9F-794A-46F2-A538-AA8B2897848D,25.1,0.02,70
2021/08/10 10:51:56,FAF90C9F-794A-46F2-A538-AA8B2897848D,25.1,0.02,70
2021/08/10 11:22:02,FAF90C9F-794A-46F2-A538-AA8B2897848D,25.1,0.02,71
2021/08/10 11:52:08,FAF90C9F-794A-46F2-A538-AA8B2897848D,25,0.02,71
2021/08/10 12:22:15,FAF90C9F-794A-46F2-A538-AA8B2897848D,25,0.02,71
2021/08/10 12:52:21,FAF90C9F-794A-46F2-A538-AA8B2897848D,25.5,0.02,72
2021/08/10 13:22:27,FAF90C9F-794A-46F2-A538-AA8B2897848D,25.1,0.02,70
2021/08/10 13:52:33,FAF90C9F-794A-46F2-A538-AA8B2897848D,24.9,0.02,68
2021/08/10 14:22:39,FAF90C9F-794A-46F2-A538-AA8B2897848D,24.8,0.02,68
2021/08/10 14:52:46,FAF90C9F-794A-46F2-A538-AA8B2897848D,24.8,0.02,68
2021/08/10 15:22:52,FAF90C9F-794A-46F2-A538-AA8B2897848D,24.7,0.02,67
2021/08/10 15:52:58,FAF90C9F-794A-46F2-A538-AA8B2897848D,24.6,0.02,66
2021/08/10 16:23:05,FAF90C9F-794A-46F2-A538-AA8B2897848D,24.2,0.02,62
2021/08/10 16:53:11,FAF90C9F-794A-46F2-A538-AA8B2897848D,22.6,0.02,57
2021/08/10 17:23:17,FAF90C9F-794A-46F2-A538-AA8B2897848D,24.3,0.02,71
2021/08/10 17:53:23,FAF90C9F-794A-46F2-A538-AA8B2897848D,24.5,0.02,73
2021/08/10 18:23:29,FAF90C9F-794A-46F2-A538-AA8B2897848D,24.6,0.02,73
2021/08/10 18:53:35,FAF90C9F-794A-46F2-A538-AA8B2897848D,24.7,0.02,74
2021/08/10 19:23:42,FAF90C9F-794A-46F2-A538-AA8B2897848D,24.8,0.02,74
2021/08/10 19:53:47,FAF90C9F-794A-46F2-A538-AA8B2897848D,25.6,0.02,84
2021/08/10 20:23:54,FAF90C9F-794A-46F2-A538-AA8B2897848D,26.5,0.02,90
2021/08/10 20:54,FAF90C9F-794A-46F2-A538-AA8B2897848D,26,0.02,69
2021/08/10 21:24:06,FAF90C9F-794A-46F2-A538-AA8B2897848D,26,0.02,67
2021/08/10 21:54:12,FAF90C9F-794A-46F2-A538-AA8B2897848D,26.3,0.02,67
2021/08/10 22:24:18,FAF90C9F-794A-46F2-A538-AA8B2897848D,26.6,0.02,70
2021/08/10 22:54:24,FAF90C9F-794A-46F2-A538-AA8B2897848D,26.6,0.02,70
2021/08/10 23:24:31,FAF90C9F-794A-46F2-A538-AA8B2897848D,26.6,0.02,70
2021/08/10 23:54:37,FAF90C9F-794A-46F2-A538-AA8B2897848D,26.8,0.02,71
2021/08/11 0:24:44,FAF90C9F-794A-46F2-A538-AA8B2897848D,26.9,0.02,73
2021/08/11 0:54:50,FAF90C9F-794A-46F2-A538-AA8B2897848D,27.1,0.02,72
2021/08/11 1:24:56,FAF90C9F-794A-46F2-A538-AA8B2897848D,27.3,0.02,74
2021/08/11 1:55:02,FAF90C9F-794A-46F2-A538-AA8B2897848D,27.6,0.02,72
2021/08/11 2:25:09,FAF90C9F-794A-46F2-A538-AA8B2897848D,27.3,0.02,74
2021/08/11 2:55:15,FAF90C9F-794A-46F2-A538-AA8B2897848D,27.2,0.02,74
2021/08/11 3:25:22,FAF90C9F-794A-46F2-A538-AA8B2897848D,27.3,0.02,74
2021/08/11 3:55:28,FAF90C9F-794A-46F2-A538-AA8B2897848D,27.2,0.02,74
2021/08/11 4:25:34,FAF90C9F-794A-46F2-A538-AA8B2897848D,27.2,0.02,74
2021/08/11 4:55:40,FAF90C9F-794A-46F2-A538-AA8B2897848D,27.1,0.02,75
2021/08/11 5:25:46,FAF90C9F-794A-46F2-A538-AA8B2897848D,27,0.02,75
2021/08/11 5:55:52,FAF90C9F-794A-46F2-A538-AA8B2897848D,27.1,0.02,75
2021/08/11 6:25:59,FAF90C9F-794A-46F2-A538-AA8B2897848D,27,0.02,74
2021/08/11 6:56:05,FAF90C9F-794A-46F2-A538-AA8B2897848D,27.2,0.02,74
2021/08/11 7:26:11,FAF90C9F-794A-46F2-A538-AA8B2897848D,27.4,0.02,73
2021/08/11 7:56:17,FAF90C9F-794A-46F2-A538-AA8B2897848D,26.3,0.02,66
2021/08/11 8:26:23,FAF90C9F-794A-46F2-A538-AA8B2897848D,27,0.02,71
2021/08/11 8:56:29,FAF90C9F-794A-46F2-A538-AA8B2897848D,24.6,0.02,69
2021/08/11 9:26:36,FAF90C9F-794A-46F2-A538-AA8B2897848D,24.7,0.02,72
2021/08/11 9:56:42,FAF90C9F-794A-46F2-A538-AA8B2897848D,24.7,0.02,71
2021/08/11 10:26:48,FAF90C9F-794A-46F2-A538-AA8B2897848D,24.6,0.02,69
2021/08/11 10:56:54,FAF90C9F-794A-46F2-A538-AA8B2897848D,24.4,0.02,70
2021/08/11 11:27,FAF90C9F-794A-46F2-A538-AA8B2897848D,24.4,0.02,70
2021/08/11 11:57:06,FAF90C9F-794A-46F2-A538-AA8B2897848D,24.6,0.02,70
2021/08/11 12:27:13,FAF90C9F-794A-46F2-A538-AA8B2897848D,25.5,0.02,68
2021/08/11 12:57:19,FAF90C9F-794A-46F2-A538-AA8B2897848D,23.2,0.02,61
2021/08/11 13:27:25,FAF90C9F-794A-46F2-A538-AA8B2897848D,24.7,0.02,70
2021/08/11 13:57:31,FAF90C9F-794A-46F2-A538-AA8B2897848D,24.9,0.02,72
2021/08/11 14:27:37,FAF90C9F-794A-46F2-A538-AA8B2897848D,24.9,0.02,72
2021/08/11 14:57:43,FAF90C9F-794A-46F2-A538-AA8B2897848D,24.8,0.02,72
2021/08/11 15:27:50,FAF90C9F-794A-46F2-A538-AA8B2897848D,24.7,0.02,72
2021/08/11 15:57:56,FAF90C9F-794A-46F2-A538-AA8B2897848D,24.7,0.02,73
2021/08/11 16:28:02,FAF90C9F-794A-46F2-A538-AA8B2897848D,24.7,0.02,73
2021/08/11 16:58:08,FAF90C9F-794A-46F2-A538-AA8B2897848D,24.7,0.02,73
2021/08/11 17:28:14,FAF90C9F-794A-46F2-A538-AA8B2897848D,24.5,0.02,74
2021/08/11 17:58:20,FAF90C9F-794A-46F2-A538-AA8B2897848D,24.5,0.02,74
2021/08/11 18:28:27,FAF90C9F-794A-46F2-A538-AA8B2897848D,24.5,0.02,75
2021/08/11 18:58:33,FAF90C9F-794A-46F2-A538-AA8B2897848D,24.6,0.02,75
2021/08/11 19:28:40,FAF90C9F-794A-46F2-A538-AA8B2897848D,25.8,0.02,91
2021/08/11 19:58:46,FAF90C9F-794A-46F2-A538-AA8B2897848D,26.6,0.02,90
2021/08/11 20:28:52,FAF90C9F-794A-46F2-A538-AA8B2897848D,26.6,0.02,88
2021/08/11 20:58:58,FAF90C9F-794A-46F2-A538-AA8B2897848D,26.6,0.02,71
2021/08/11 21:29:04,FAF90C9F-794A-46F2-A538-AA8B2897848D,26.9,0.02,74
2021/08/11 21:59:10,FAF90C9F-794A-46F2-A538-AA8B2897848D,27,0.02,75
2021/08/11 22:29:16,FAF90C9F-794A-46F2-A538-AA8B2897848D,26.9,0.02,76
2021/08/11 22:59:22,FAF90C9F-794A-46F2-A538-AA8B2897848D,26.9,0.02,76
2021/08/11 23:29:28,FAF90C9F-794A-46F2-A538-AA8B2897848D,27,0.02,76
2021/08/11 23:59:34,FAF90C9F-794A-46F2-A538-AA8B2897848D,27.1,0.02,80
2021/08/12 0:29:40,FAF90C9F-794A-46F2-A538-AA8B2897848D,27.2,0.02,81
2021/08/12 0:59:46,FAF90C9F-794A-46F2-A538-AA8B2897848D,27.3,0.02,83
2021/08/12 1:29:53,FAF90C9F-794A-46F2-A538-AA8B2897848D,27.4,0.02,81
2021/08/12 1:59:59,FAF90C9F-794A-46F2-A538-AA8B2897848D,27.4,0.02,81
2021/08/12 2:30:05,FAF90C9F-794A-46F2-A538-AA8B2897848D,27.4,0.02,81
2021/08/12 3:00:11,FAF90C9F-794A-46F2-A538-AA8B2897848D,27.5,0.02,81
2021/08/12 3:30:17,FAF90C9F-794A-46F2-A538-AA8B2897848D,27.5,0.02,82
2021/08/12 4:00:23,FAF90C9F-794A-46F2-A538-AA8B2897848D,27.4,0.02,87
2021/08/12 4:30:30,FAF90C9F-794A-46F2-A538-AA8B2897848D,27.4,0.02,88
2021/08/12 5:00:36,FAF90C9F-794A-46F2-A538-AA8B2897848D,27.3,0.02,88
2021/08/12 5:30:42,FAF90C9F-794A-46F2-A538-AA8B2897848D,27.4,0.02,88
2021/08/12 6:00:48,FAF90C9F-794A-46F2-A538-AA8B2897848D,27.4,0.02,88
2021/08/12 6:30:54,FAF90C9F-794A-46F2-A538-AA8B2897848D,27.4,0.02,87
2021/08/12 7:01,FAF90C9F-794A-46F2-A538-AA8B2897848D,27.5,0.02,86
2021/08/12 7:31:07,FAF90C9F-794A-46F2-A538-AA8B2897848D,27.5,0.02,86
2021/08/12 8:01:13,FAF90C9F-794A-46F2-A538-AA8B2897848D,27.8,0.02,88
2021/08/12 8:31:19,FAF90C9F-794A-46F2-A538-AA8B2897848D,27.3,0.02,83
2021/08/12 9:01:25,FAF90C9F-794A-46F2-A538-AA8B2897848D,24.1,0.02,71
2021/08/12 9:31:31,FAF90C9F-794A-46F2-A538-AA8B2897848D,25.8,0.02,82
2021/08/12 10:01:37,FAF90C9F-794A-46F2-A538-AA8B2897848D,24.6,0.02,79
2021/08/12 10:31:43,FAF90C9F-794A-46F2-A538-AA8B2897848D,24.3,0.02,78
2021/08/12 11:01:49,FAF90C9F-794A-46F2-A538-AA8B2897848D,24.5,0.02,77
2021/08/12 11:31:56,FAF90C9F-794A-46F2-A538-AA8B2897848D,24.3,0.02,76
2021/08/12 12:02:02,FAF90C9F-794A-46F2-A538-AA8B2897848D,24.4,0.02,77
2021/08/12 12:32:08,FAF90C9F-794A-46F2-A538-AA8B2897848D,24.3,0.02,76
2021/08/12 13:02:14,FAF90C9F-794A-46F2-A538-AA8B2897848D,25.3,0.02,85
2021/08/12 13:32:20,FAF90C9F-794A-46F2-A538-AA8B2897848D,25.4,0.02,82
2021/08/12 14:02:26,FAF90C9F-794A-46F2-A538-AA8B2897848D,24.7,0.02,78
2021/08/12 14:32:33,FAF90C9F-794A-46F2-A538-AA8B2897848D,24.5,0.02,78
2021/08/12 15:02:39,FAF90C9F-794A-46F2-A538-AA8B2897848D,24.6,0.02,76
2021/08/12 15:32:45,FAF90C9F-794A-46F2-A538-AA8B2897848D,24.3,0.02,76
2021/08/12 16:02:51,FAF90C9F-794A-46F2-A538-AA8B2897848D,24.3,0.02,76
2021/08/12 16:32:57,FAF90C9F-794A-46F2-A538-AA8B2897848D,26.4,0.02,86
2021/08/12 16:48:13,FAF90C9F-794A-46F2-A538-AA8B2897848D,27.4,40.67,87
2021/08/12 18:05:09,FAF90C9F-794A-46F2-A538-AA8B2897848D,25.5,98,71
2021/08/12 18:05:15,FAF90C9F-794A-46F2-A538-AA8B2897848D,25.4,97,71
2021/08/12 18:05:21,FAF90C9F-794A-46F2-A538-AA8B2897848D,25.4,98,71
2021/08/12 18:05:27,FAF90C9F-794A-46F2-A538-AA8B2897848D,25.4,98,71
2021/08/12 18:05:33,FAF90C9F-794A-46F2-A538-AA8B2897848D,25.4,98,71
2021/08/12 18:05:39,FAF90C9F-794A-46F2-A538-AA8B2897848D,25.4,99,71
2021/08/12 18:06:05,FAF90C9F-794A-46F2-A538-AA8B2897848D,25.4,98,71
2021/08/12 18:25:46,FAF90C9F-794A-46F2-A538-AA8B2897848D,24.9,50,70
2021/08/12 18:55:52,FAF90C9F-794A-46F2-A538-AA8B2897848D,25,53,70
2021/08/12 19:25:58,FAF90C9F-794A-46F2-A538-AA8B2897848D,26.9,51,90
2021/08/12 19:56:04,FAF90C9F-794A-46F2-A538-AA8B2897848D,26.7,51,90
2021/08/12 20:26:10,FAF90C9F-794A-46F2-A538-AA8B2897848D,26.6,50,91
2021/08/12 20:56:16,FAF90C9F-794A-46F2-A538-AA8B2897848D,26.5,51,91
2021/08/12 21:26:22,FAF90C9F-794A-46F2-A538-AA8B2897848D,26.6,52,90
2021/08/12 21:56:28,FAF90C9F-794A-46F2-A538-AA8B2897848D,26.6,54,91
2021/08/12 22:26:35,FAF90C9F-794A-46F2-A538-AA8B2897848D,26.5,56,91
2021/08/12 22:56:40,FAF90C9F-794A-46F2-A538-AA8B2897848D,26.5,53,91
2021/08/12 23:26:47,FAF90C9F-794A-46F2-A538-AA8B2897848D,26.6,54,92
2021/08/12 23:56:52,FAF90C9F-794A-46F2-A538-AA8B2897848D,26.6,53,92
2021/08/13 0:26:59,FAF90C9F-794A-46F2-A538-AA8B2897848D,26.6,52,93
2021/08/13 0:57:05,FAF90C9F-794A-46F2-A538-AA8B2897848D,26.5,51,93
2021/08/13 1:27:12,FAF90C9F-794A-46F2-A538-AA8B2897848D,26.6,134,93
2021/08/13 1:57:18,FAF90C9F-794A-46F2-A538-AA8B2897848D,26.5,38,93
2021/08/13 2:27:24,FAF90C9F-794A-46F2-A538-AA8B2897848D,26.5,129,93
2021/08/13 2:57:30,FAF90C9F-794A-46F2-A538-AA8B2897848D,26.5,75,93
2021/08/13 3:27:37,FAF90C9F-794A-46F2-A538-AA8B2897848D,26.5,94,93
2021/08/13 3:57:43,FAF90C9F-794A-46F2-A538-AA8B2897848D,26.4,76,93
2021/08/13 4:27:49,FAF90C9F-794A-46F2-A538-AA8B2897848D,26.4,59,93
2021/08/13 4:57:55,FAF90C9F-794A-46F2-A538-AA8B2897848D,26.5,51,93
2021/08/13 5:28:02,FAF90C9F-794A-46F2-A538-AA8B2897848D,26.5,71,93
2021/08/13 5:58:08,FAF90C9F-794A-46F2-A538-AA8B2897848D,26.4,106,94
2021/08/13 6:28:14,FAF90C9F-794A-46F2-A538-AA8B2897848D,26.5,67,94
2021/08/13 6:58:20,FAF90C9F-794A-46F2-A538-AA8B2897848D,26.6,63,95
2021/08/13 7:28:26,FAF90C9F-794A-46F2-A538-AA8B2897848D,26.8,83,95
2021/08/13 7:58:32,FAF90C9F-794A-46F2-A538-AA8B2897848D,26.8,86,95
2021/08/13 8:28:39,FAF90C9F-794A-46F2-A538-AA8B2897848D,26.9,100,95
2021/08/13 8:58:45,FAF90C9F-794A-46F2-A538-AA8B2897848D,26.9,103,95
2021/08/13 9:28:51,FAF90C9F-794A-46F2-A538-AA8B2897848D,26.8,95,95
2021/08/13 9:58:57,FAF90C9F-794A-46F2-A538-AA8B2897848D,27.1,96,94
2021/08/13 10:29:03,FAF90C9F-794A-46F2-A538-AA8B2897848D,27.1,59,93
2021/08/13 10:59:09,FAF90C9F-794A-46F2-A538-AA8B2897848D,27.3,61,92
2021/08/13 11:29:16,FAF90C9F-794A-46F2-A538-AA8B2897848D,27,88,86
2021/08/13 11:59:21,FAF90C9F-794A-46F2-A538-AA8B2897848D,25.2,52,77
2021/08/13 12:29:28,FAF90C9F-794A-46F2-A538-AA8B2897848D,25.5,53,85
2021/08/13 12:59:33,FAF90C9F-794A-46F2-A538-AA8B2897848D,25.3,57,83
2021/08/13 13:29:40,FAF90C9F-794A-46F2-A538-AA8B2897848D,25,58,78
2021/08/13 13:59:46,FAF90C9F-794A-46F2-A538-AA8B2897848D,24.9,79,76
2021/08/13 14:29:52,FAF90C9F-794A-46F2-A538-AA8B2897848D,24.8,49,76
2021/08/13 14:59:58,FAF90C9F-794A-46F2-A538-AA8B2897848D,24.6,87,76
2021/08/13 15:30:05,FAF90C9F-794A-46F2-A538-AA8B2897848D,25.5,53,88
2021/08/13 16:00:11,FAF90C9F-794A-46F2-A538-AA8B2897848D,25.6,100,89
2021/08/13 16:30:17,FAF90C9F-794A-46F2-A538-AA8B2897848D,25.5,102,89
2021/08/13 17:00:23,FAF90C9F-794A-46F2-A538-AA8B2897848D,25.5,105,90
2021/08/13 17:30:29,FAF90C9F-794A-46F2-A538-AA8B2897848D,24.9,58,82
2021/08/13 18:00:35,FAF90C9F-794A-46F2-A538-AA8B2897848D,24.6,66,79
2021/08/13 18:30:42,FAF90C9F-794A-46F2-A538-AA8B2897848D,25.9,56,92
2021/08/13 19:00:48,FAF90C9F-794A-46F2-A538-AA8B2897848D,26.8,76,95
2021/08/13 19:30:54,FAF90C9F-794A-46F2-A538-AA8B2897848D,26.5,58,88
2021/08/13 20:01,FAF90C9F-794A-46F2-A538-AA8B2897848D,26.5,88,85
2021/08/13 20:31:06,FAF90C9F-794A-46F2-A538-AA8B2897848D,26.5,89,86
2021/08/13 21:01:13,FAF90C9F-794A-46F2-A538-AA8B2897848D,26.8,64,90
2021/08/13 21:31:19,FAF90C9F-794A-46F2-A538-AA8B2897848D,26.9,45,94
2021/08/13 22:01:25,FAF90C9F-794A-46F2-A538-AA8B2897848D,26.9,85,92
2021/08/13 22:31:32,FAF90C9F-794A-46F2-A538-AA8B2897848D,26.9,71,91
2021/08/13 23:01:38,FAF90C9F-794A-46F2-A538-AA8B2897848D,26.8,52,89
2021/08/13 23:31:45,FAF90C9F-794A-46F2-A538-AA8B2897848D,26.8,86,89
2021/08/14 0:01:51,FAF90C9F-794A-46F2-A538-AA8B2897848D,26.8,92,90
2021/08/14 0:31:57,FAF90C9F-794A-46F2-A538-AA8B2897848D,26.8,96,89
2021/08/14 1:02:03,FAF90C9F-794A-46F2-A538-AA8B2897848D,26.9,96,95
2021/08/14 1:32:09,FAF90C9F-794A-46F2-A538-AA8B2897848D,26.8,52,95
2021/08/14 2:02:15,FAF90C9F-794A-46F2-A538-AA8B2897848D,26.6,93,95
2021/08/14 2:32:22,FAF90C9F-794A-46F2-A538-AA8B2897848D,26.6,107,95
2021/08/14 3:02:27,FAF90C9F-794A-46F2-A538-AA8B2897848D,26.6,93,95
2021/08/14 3:32:34,FAF90C9F-794A-46F2-A538-AA8B2897848D,26.5,118,95
2021/08/14 4:02:40,FAF90C9F-794A-46F2-A538-AA8B2897848D,26.5,77,95
2021/08/14 4:32:46,FAF90C9F-794A-46F2-A538-AA8B2897848D,26.5,72,95
2021/08/14 5:02:52,FAF90C9F-794A-46F2-A538-AA8B2897848D,26.6,106,95
2021/08/14 5:32:59,FAF90C9F-794A-46F2-A538-AA8B2897848D,26.9,114,95
2021/08/14 6:03:05,FAF90C9F-794A-46F2-A538-AA8B2897848D,26.9,52,95
2021/08/14 6:33:11,FAF90C9F-794A-46F2-A538-AA8B2897848D,26.9,114,95
2021/08/14 7:03:17,FAF90C9F-794A-46F2-A538-AA8B2897848D,27,125,95
2021/08/14 7:33:23,FAF90C9F-794A-46F2-A538-AA8B2897848D,27.1,96,95
2021/08/14 8:03:29,FAF90C9F-794A-46F2-A538-AA8B2897848D,27.3,69,93
2021/08/14 8:33:35,FAF90C9F-794A-46F2-A538-AA8B2897848D,27.5,52,95
2021/08/14 9:03:41,FAF90C9F-794A-46F2-A538-AA8B2897848D,27.5,85,95
2021/08/14 9:33:48,FAF90C9F-794A-46F2-A538-AA8B2897848D,27.6,100,95
2021/08/14 10:03:54,FAF90C9F-794A-46F2-A538-AA8B2897848D,27.4,94,95
2021/08/14 10:34:01,FAF90C9F-794A-46F2-A538-AA8B2897848D,27.4,62,95
2021/08/14 11:04:06,FAF90C9F-794A-46F2-A538-AA8B2897848D,27.6,43,95
2021/08/14 11:34:13,FAF90C9F-794A-46F2-A538-AA8B2897848D,27.8,103,95
2021/08/14 12:04:19,FAF90C9F-794A-46F2-A538-AA8B2897848D,27.6,81,95
2021/08/14 12:34:25,FAF90C9F-794A-46F2-A538-AA8B2897848D,27.6,61,95
2021/08/14 13:04:31,FAF90C9F-794A-46F2-A538-AA8B2897848D,27.8,96,95
2021/08/14 13:34:38,FAF90C9F-794A-46F2-A538-AA8B2897848D,27.8,50,95
2021/08/14 14:04:43,FAF90C9F-794A-46F2-A538-AA8B2897848D,26.7,96,83
2021/08/14 14:34:50,FAF90C9F-794A-46F2-A538-AA8B2897848D,26.2,72,73
2021/08/14 15:04:56,FAF90C9F-794A-46F2-A538-AA8B2897848D,26.4,53,74
2021/08/14 15:35:02,FAF90C9F-794A-46F2-A538-AA8B2897848D,26.5,98,80
2021/08/14 16:05:08,FAF90C9F-794A-46F2-A538-AA8B2897848D,26.4,75,79
2021/08/14 16:35:14,FAF90C9F-794A-46F2-A538-AA8B2897848D,26.6,57,79
2021/08/14 17:05:20,FAF90C9F-794A-46F2-A538-AA8B2897848D,26.5,76,80
2021/08/14 17:35:27,FAF90C9F-794A-46F2-A538-AA8B2897848D,26.6,96,83
2021/08/14 18:05:33,FAF90C9F-794A-46F2-A538-AA8B2897848D,26.6,114,83
2021/08/14 18:35:39,FAF90C9F-794A-46F2-A538-AA8B2897848D,26.7,98,84
2021/08/14 19:05:45,FAF90C9F-794A-46F2-A538-AA8B2897848D,26.8,91,85
2021/08/14 19:35:52,FAF90C9F-794A-46F2-A538-AA8B2897848D,26.8,71,86
2021/08/14 20:05:58,FAF90C9F-794A-46F2-A538-AA8B2897848D,26.9,72,87
2021/08/14 20:36:04,FAF90C9F-794A-46F2-A538-AA8B2897848D,27,53,88
2021/08/14 21:06:10,FAF90C9F-794A-46F2-A538-AA8B2897848D,26.9,68,86
2021/08/14 21:36:17,FAF90C9F-794A-46F2-A538-AA8B2897848D,26.9,80,85
2021/08/14 22:06:23,FAF90C9F-794A-46F2-A538-AA8B2897848D,26.9,118,86
2021/08/14 22:36:30,FAF90C9F-794A-46F2-A538-AA8B2897848D,26.9,108,86
2021/08/14 23:06:36,FAF90C9F-794A-46F2-A538-AA8B2897848D,26.6,96,90
2021/08/14 23:36:42,FAF90C9F-794A-46F2-A538-AA8B2897848D,26.6,109,91
2021/08/15 0:06:48,FAF90C9F-794A-46F2-A538-AA8B2897848D,26.4,70,93
2021/08/15 0:36:55,FAF90C9F-794A-46F2-A538-AA8B2897848D,26.3,94,94
2021/08/15 1:07:01,FAF90C9F-794A-46F2-A538-AA8B2897848D,26.5,66,95
2021/08/15 1:37:07,FAF90C9F-794A-46F2-A538-AA8B2897848D,27.1,65,94
2021/08/15 2:07:13,FAF90C9F-794A-46F2-A538-AA8B2897848D,27.3,91,95
2021/08/15 2:37:20,FAF90C9F-794A-46F2-A538-AA8B2897848D,27.4,85,94
2021/08/15 3:07:26,FAF90C9F-794A-46F2-A538-AA8B2897848D,27.1,122,95
2021/08/15 3:37:32,FAF90C9F-794A-46F2-A538-AA8B2897848D,26.6,85,95
2021/08/15 4:07:38,FAF90C9F-794A-46F2-A538-AA8B2897848D,26.4,117,95
2021/08/15 4:37:45,FAF90C9F-794A-46F2-A538-AA8B2897848D,26.2,121,94
2021/08/15 5:07:51,FAF90C9F-794A-46F2-A538-AA8B2897848D,25.9,76,94
2021/08/15 5:37:57,FAF90C9F-794A-46F2-A538-AA8B2897848D,25.9,82,94
2021/08/15 6:08:03,FAF90C9F-794A-46F2-A538-AA8B2897848D,26,105,94
2021/08/15 6:38:10,FAF90C9F-794A-46F2-A538-AA8B2897848D,25.9,107,93
2021/08/15 7:08:16,FAF90C9F-794A-46F2-A538-AA8B2897848D,25.8,69,93
2021/08/15 7:38:22,FAF90C9F-794A-46F2-A538-AA8B2897848D,25.8,112,93
2021/08/15 8:08:28,FAF90C9F-794A-46F2-A538-AA8B2897848D,25.7,81,93
2021/08/15 8:38:34,FAF90C9F-794A-46F2-A538-AA8B2897848D,25.7,125,93
2021/08/15 9:08:40,FAF90C9F-794A-46F2-A538-AA8B2897848D,25.8,109,93
2021/08/15 9:38:47,FAF90C9F-794A-46F2-A538-AA8B2897848D,25.8,95,91
2021/08/15 10:08:53,FAF90C9F-794A-46F2-A538-AA8B2897848D,26.1,122,93
2021/08/15 10:38:59,FAF90C9F-794A-46F2-A538-AA8B2897848D,26.5,53,92
2021/08/15 11:09:05,FAF90C9F-794A-46F2-A538-AA8B2897848D,27,52,88
2021/08/15 11:39:12,FAF90C9F-794A-46F2-A538-AA8B2897848D,26.7,52,79
2021/08/15 12:09:18,FAF90C9F-794A-46F2-A538-AA8B2897848D,27.4,51,82
2021/08/15 12:39:24,FAF90C9F-794A-46F2-A538-AA8B2897848D,27.6,51,81
2021/08/15 13:09:30,FAF90C9F-794A-46F2-A538-AA8B2897848D,27.6,51,81
2021/08/15 13:39:36,FAF90C9F-794A-46F2-A538-AA8B2897848D,27.5,51,81
2021/08/15 14:09:42,FAF90C9F-794A-46F2-A538-AA8B2897848D,27,71,81
2021/08/15 14:39:49,FAF90C9F-794A-46F2-A538-AA8B2897848D,24,79,64
2021/08/15 15:09:55,FAF90C9F-794A-46F2-A538-AA8B2897848D,25.8,54,77
2021/08/15 15:40:01,FAF90C9F-794A-46F2-A538-AA8B2897848D,27.1,51,87
2021/08/15 16:10:07,FAF90C9F-794A-46F2-A538-AA8B2897848D,27.5,138,75
2021/08/15 16:40:14,FAF90C9F-794A-46F2-A538-AA8B2897848D,24.9,132,71
2021/08/15 17:10:20,FAF90C9F-794A-46F2-A538-AA8B2897848D,24.8,45,76
2021/08/15 17:40:26,FAF90C9F-794A-46F2-A538-AA8B2897848D,25.1,115,75
2021/08/15 18:10:32,FAF90C9F-794A-46F2-A538-AA8B2897848D,25.8,60,78
2021/08/15 18:40:39,FAF90C9F-794A-46F2-A538-AA8B2897848D,25.7,105,79
2021/08/15 19:10:44,FAF90C9F-794A-46F2-A538-AA8B2897848D,25.5,49,78
2021/08/15 19:40:51,FAF90C9F-794A-46F2-A538-AA8B2897848D,26.9,78,95
2021/08/15 20:10:58,FAF90C9F-794A-46F2-A538-AA8B2897848D,27.2,99,79
2021/08/15 20:41:04,FAF90C9F-794A-46F2-A538-AA8B2897848D,27.4,67,76
2021/08/15 21:11:10,FAF90C9F-794A-46F2-A538-AA8B2897848D,27.4,141,74
2021/08/15 21:41:16,FAF90C9F-794A-46F2-A538-AA8B2897848D,27.1,153,72
2021/08/15 22:11:22,FAF90C9F-794A-46F2-A538-AA8B2897848D,27.2,83,74
2021/08/15 22:41:28,FAF90C9F-794A-46F2-A538-AA8B2897848D,27.3,121,73
2021/08/15 23:11:34,FAF90C9F-794A-46F2-A538-AA8B2897848D,27.1,139,74
2021/08/15 23:41:41,FAF90C9F-794A-46F2-A538-AA8B2897848D,27,128,76
2021/08/16 0:11:47,FAF90C9F-794A-46F2-A538-AA8B2897848D,27.1,69,77
2021/08/16 0:41:53,FAF90C9F-794A-46F2-A538-AA8B2897848D,27,62,77
2021/08/16 1:11:59,FAF90C9F-794A-46F2-A538-AA8B2897848D,26.9,100,78
2021/08/16 1:42:05,FAF90C9F-794A-46F2-A538-AA8B2897848D,26.8,128,79
2021/08/16 2:12:11,FAF90C9F-794A-46F2-A538-AA8B2897848D,26.7,134,80
2021/08/16 2:42:18,FAF90C9F-794A-46F2-A538-AA8B2897848D,26.7,109,79
2021/08/16 3:12:23,FAF90C9F-794A-46F2-A538-AA8B2897848D,26.6,151,80
2021/08/16 3:42:30,FAF90C9F-794A-46F2-A538-AA8B2897848D,26.6,122,80
2021/08/16 4:12:36,FAF90C9F-794A-46F2-A538-AA8B2897848D,26.6,128,80
2021/08/16 4:42:42,FAF90C9F-794A-46F2-A538-AA8B2897848D,26.5,64,81
2021/08/16 5:12:48,FAF90C9F-794A-46F2-A538-AA8B2897848D,26.5,124,81
2021/08/16 5:42:54,FAF90C9F-794A-46F2-A538-AA8B2897848D,26.5,129,82
2021/08/16 6:13,FAF90C9F-794A-46F2-A538-AA8B2897848D,26.5,106,82
2021/08/16 6:43:06,FAF90C9F-794A-46F2-A538-AA8B2897848D,26.6,132,82
2021/08/16 7:13:12,FAF90C9F-794A-46F2-A538-AA8B2897848D,25.7,74,85
2021/08/16 7:43:19,FAF90C9F-794A-46F2-A538-AA8B2897848D,25.6,63,86
2021/08/16 8:13:25,FAF90C9F-794A-46F2-A538-AA8B2897848D,24.6,115,72
2021/08/16 8:43:31,FAF90C9F-794A-46F2-A538-AA8B2897848D,23.8,69,65
2021/08/16 9:13:37,FAF90C9F-794A-46F2-A538-AA8B2897848D,24.8,96,78
2021/08/16 9:43:43,FAF90C9F-794A-46F2-A538-AA8B2897848D,24.6,71,74
2021/08/16 10:13:49,FAF90C9F-794A-46F2-A538-AA8B2897848D,26.2,139,85
2021/08/16 10:43:56,FAF90C9F-794A-46F2-A538-AA8B2897848D,26.7,131,83
2021/08/16 11:14:02,FAF90C9F-794A-46F2-A538-AA8B2897848D,26.9,105,81
2021/08/16 11:44:08,FAF90C9F-794A-46F2-A538-AA8B2897848D,27.1,44,81
2021/08/16 12:14:14,FAF90C9F-794A-46F2-A538-AA8B2897848D,27.1,64,81
2021/08/16 12:44:20,FAF90C9F-794A-46F2-A538-AA8B2897848D,24.2,83,72
2021/08/16 13:14:26,FAF90C9F-794A-46F2-A538-AA8B2897848D,24.6,119,75
2021/08/16 13:44:32,FAF90C9F-794A-46F2-A538-AA8B2897848D,24.6,44,76
2021/08/16 14:14:38,FAF90C9F-794A-46F2-A538-AA8B2897848D,24.5,128,76
2021/08/16 14:44:44,FAF90C9F-794A-46F2-A538-AA8B2897848D,25.6,90,78
2021/08/16 15:14:50,FAF90C9F-794A-46F2-A538-AA8B2897848D,24.6,65,77
2021/08/16 15:44:56,FAF90C9F-794A-46F2-A538-AA8B2897848D,24.3,108,75
2021/08/16 16:15:02,FAF90C9F-794A-46F2-A538-AA8B2897848D,24.1,119,74
2021/08/16 16:45:09,FAF90C9F-794A-46F2-A538-AA8B2897848D,24.1,88,74
2021/08/16 17:15:15,FAF90C9F-794A-46F2-A538-AA8B2897848D,24.2,94,75
2021/08/16 17:45:21,FAF90C9F-794A-46F2-A538-AA8B2897848D,24.3,111,76
2021/08/16 18:15:27,FAF90C9F-794A-46F2-A538-AA8B2897848D,24.5,58,78
2021/08/16 18:45:33,FAF90C9F-794A-46F2-A538-AA8B2897848D,24.2,48,76
2021/08/16 19:15:39,FAF90C9F-794A-46F2-A538-AA8B2897848D,25.2,48,81
2021/08/16 19:45:46,FAF90C9F-794A-46F2-A538-AA8B2897848D,25.8,52,86
2021/08/16 20:15:52,FAF90C9F-794A-46F2-A538-AA8B2897848D,26.5,54,89
2021/08/16 20:45:58,FAF90C9F-794A-46F2-A538-AA8B2897848D,26.8,53,84
2021/08/16 21:16:04,FAF90C9F-794A-46F2-A538-AA8B2897848D,25.1,49,78
2021/08/16 21:46:10,FAF90C9F-794A-46F2-A538-AA8B2897848D,24.5,49,74
2021/08/16 22:16:16,FAF90C9F-794A-46F2-A538-AA8B2897848D,24.6,50,76
2021/08/16 22:46:23,FAF90C9F-794A-46F2-A538-AA8B2897848D,25.4,50,82
2021/08/16 23:16:28,FAF90C9F-794A-46F2-A538-AA8B2897848D,25.5,53,82
2021/08/16 23:46:35,FAF90C9F-794A-46F2-A538-AA8B2897848D,25.4,50,82
2021/08/17 0:16:41,FAF90C9F-794A-46F2-A538-AA8B2897848D,25.3,50,82
2021/08/17 0:46:48,FAF90C9F-794A-46F2-A538-AA8B2897848D,25.8,46,89
2021/08/17 1:16:53,FAF90C9F-794A-46F2-A538-AA8B2897848D,26.3,46,91
2021/08/17 1:47,FAF90C9F-794A-46F2-A538-AA8B2897848D,26.5,46,89
2021/08/17 2:17:05,FAF90C9F-794A-46F2-A538-AA8B2897848D,26.5,46,89
2021/08/17 2:47:12,FAF90C9F-794A-46F2-A538-AA8B2897848D,26.5,47,90
2021/08/17 3:17:18,FAF90C9F-794A-46F2-A538-AA8B2897848D,26.5,46,90
2021/08/17 3:47:24,FAF90C9F-794A-46F2-A538-AA8B2897848D,26.4,46,91
2021/08/17 4:17:30,FAF90C9F-794A-46F2-A538-AA8B2897848D,26.5,46,91
2021/08/17 4:47:37,FAF90C9F-794A-46F2-A538-AA8B2897848D,26.5,46,91
2021/08/17 5:17:43,FAF90C9F-794A-46F2-A538-AA8B2897848D,26.5,46,91
2021/08/17 5:47:49,FAF90C9F-794A-46F2-A538-AA8B2897848D,26.5,46,91
2021/08/17 6:17:55,FAF90C9F-794A-46F2-A538-AA8B2897848D,26.5,46,92
2021/08/17 6:48:02,FAF90C9F-794A-46F2-A538-AA8B2897848D,26.5,46,92
2021/08/17 7:18:08,FAF90C9F-794A-46F2-A538-AA8B2897848D,26.6,46,91
2021/08/17 7:48:14,FAF90C9F-794A-46F2-A538-AA8B2897848D,26.6,46,93
2021/08/17 8:18:20,FAF90C9F-794A-46F2-A538-AA8B2897848D,26.7,53,94
2021/08/17 8:48:26,FAF90C9F-794A-46F2-A538-AA8B2897848D,23.9,49,71
2021/08/17 9:18:32,FAF90C9F-794A-46F2-A538-AA8B2897848D,24.9,49,82
2021/08/17 9:48:38,FAF90C9F-794A-46F2-A538-AA8B2897848D,24.6,49,79
2021/08/17 10:18:44,FAF90C9F-794A-46F2-A538-AA8B2897848D,24.5,49,79
2021/08/17 10:48:50,FAF90C9F-794A-46F2-A538-AA8B2897848D,24.3,49,78
2021/08/17 11:18:56,FAF90C9F-794A-46F2-A538-AA8B2897848D,25.6,49,95
2021/08/17 11:49:03,FAF90C9F-794A-46F2-A538-AA8B2897848D,24.5,50,82
2021/08/17 12:19:09,FAF90C9F-794A-46F2-A538-AA8B2897848D,24.2,49,79
2021/08/17 12:49:15,FAF90C9F-794A-46F2-A538-AA8B2897848D,25.6,48,94
2021/08/17 13:19:21,FAF90C9F-794A-46F2-A538-AA8B2897848D,26.3,46,95
2021/08/17 13:49:28,FAF90C9F-794A-46F2-A538-AA8B2897848D,24.7,46,85
2021/08/17 14:19:34,FAF90C9F-794A-46F2-A538-AA8B2897848D,24.3,46,80
2021/08/17 14:36:34,FAF90C9F-794A-46F2-A538-AA8B2897848D,25.9,46,95
2021/08/17 14:39:21,FAF90C9F-794A-46F2-A538-AA8B2897848D,25.8,-87,95
2021/08/17 15:20:20,FAF90C9F-794A-46F2-A538-AA8B2897848D,24.9,61,85
2021/08/17 15:21:14,FAF90C9F-794A-46F2-A538-AA8B2897848D,24.9,43,84
2021/08/17 15:51:30,FAF90C9F-794A-46F2-A538-AA8B2897848D,24.8,43,84
2021/08/17 16:21:46,FAF90C9F-794A-46F2-A538-AA8B2897848D,25.5,43,90
2021/08/17 16:52:02,FAF90C9F-794A-46F2-A538-AA8B2897848D,25,45,86
2021/08/17 17:22:19,FAF90C9F-794A-46F2-A538-AA8B2897848D,24.5,45,85
2021/08/17 17:52:35,FAF90C9F-794A-46F2-A538-AA8B2897848D,25.8,45,95
2021/08/17 18:22:51,FAF90C9F-794A-46F2-A538-AA8B2897848D,25.5,45,94
2021/08/17 18:53:07,FAF90C9F-794A-46F2-A538-AA8B2897848D,24.3,45,82
2021/08/17 19:23:23,FAF90C9F-794A-46F2-A538-AA8B2897848D,25.6,45,95
2021/08/17 19:53:39,FAF90C9F-794A-46F2-A538-AA8B2897848D,25.9,45,95
2021/08/17 20:23:56,FAF90C9F-794A-46F2-A538-AA8B2897848D,24.6,44,84
2021/08/17 20:54:11,FAF90C9F-794A-46F2-A538-AA8B2897848D,25.6,44,95
2021/08/17 21:24:27,FAF90C9F-794A-46F2-A538-AA8B2897848D,25.7,44,95
2021/08/17 21:54:43,FAF90C9F-794A-46F2-A538-AA8B2897848D,26,44,95
2021/08/17 22:24:59,FAF90C9F-794A-46F2-A538-AA8B2897848D,26,44,95
2021/08/17 22:55:16,FAF90C9F-794A-46F2-A538-AA8B2897848D,26,44,95
2021/08/17 23:25:32,FAF90C9F-794A-46F2-A538-AA8B2897848D,26,44,95
2021/08/17 23:55:48,FAF90C9F-794A-46F2-A538-AA8B2897848D,26,45,95
2021/08/18 0:26:05,FAF90C9F-794A-46F2-A538-AA8B2897848D,26.1,44,95
2021/08/18 0:56:21,FAF90C9F-794A-46F2-A538-AA8B2897848D,26.1,44,95
2021/08/18 1:26:37,FAF90C9F-794A-46F2-A538-AA8B2897848D,26.2,44,95
2021/08/18 1:56:53,FAF90C9F-794A-46F2-A538-AA8B2897848D,26.1,44,95
2021/08/18 2:27:09,FAF90C9F-794A-46F2-A538-AA8B2897848D,26.2,44,95
2021/08/18 2:57:25,FAF90C9F-794A-46F2-A538-AA8B2897848D,26.2,44,95
2021/08/18 3:27:41,FAF90C9F-794A-46F2-A538-AA8B2897848D,26.2,44,95
2021/08/18 3:57:57,FAF90C9F-794A-46F2-A538-AA8B2897848D,26.1,44,95
2021/08/18 4:28:13,FAF90C9F-794A-46F2-A538-AA8B2897848D,26.2,44,95
2021/08/18 4:58:29,FAF90C9F-794A-46F2-A538-AA8B2897848D,26.2,44,95
2021/08/18 5:28:45,FAF90C9F-794A-46F2-A538-AA8B2897848D,26.1,44,95
2021/08/18 5:59:01,FAF90C9F-794A-46F2-A538-AA8B2897848D,26,44,95
2021/08/18 6:29:17,FAF90C9F-794A-46F2-A538-AA8B2897848D,26.1,43,95
2021/08/18 6:59:33,FAF90C9F-794A-46F2-A538-AA8B2897848D,26.2,44,95
2021/08/18 7:29:49,FAF90C9F-794A-46F2-A538-AA8B2897848D,26.3,43,95
2021/08/18 8:00:05,FAF90C9F-794A-46F2-A538-AA8B2897848D,26.3,44,95
2021/08/18 8:30:22,FAF90C9F-794A-46F2-A538-AA8B2897848D,26.5,45,95
2021/08/18 9:00:38,FAF90C9F-794A-46F2-A538-AA8B2897848D,25,44,78
2021/08/18 9:30:54,FAF90C9F-794A-46F2-A538-AA8B2897848D,24.8,44,82
2021/08/18 10:01:11,FAF90C9F-794A-46F2-A538-AA8B2897848D,24.6,44,80
2021/08/18 10:31:28,FAF90C9F-794A-46F2-A538-AA8B2897848D,25.6,44,93
2021/08/18 11:01:44,FAF90C9F-794A-46F2-A538-AA8B2897848D,25.1,83,85
2021/08/18 11:32,FAF90C9F-794A-46F2-A538-AA8B2897848D,24.8,45,80
2021/08/18 12:02:16,FAF90C9F-794A-46F2-A538-AA8B2897848D,24.7,45,80
2021/08/18 12:32:33,FAF90C9F-794A-46F2-A538-AA8B2897848D,24.6,44,79
2021/08/18 13:02:50,FAF90C9F-794A-46F2-A538-AA8B2897848D,25.9,44,95
2021/08/18 13:33:06,FAF90C9F-794A-46F2-A538-AA8B2897848D,25.7,44,89
2021/08/18 14:03:22,FAF90C9F-794A-46F2-A538-AA8B2897848D,25.5,44,85
2021/08/18 14:33:38,FAF90C9F-794A-46F2-A538-AA8B2897848D,25.2,44,79
2021/08/18 15:03:54,FAF90C9F-794A-46F2-A538-AA8B2897848D,25.5,44,84
2021/08/18 15:34:10,FAF90C9F-794A-46F2-A538-AA8B2897848D,25.2,44,80
2021/08/18 16:04:26,FAF90C9F-794A-46F2-A538-AA8B2897848D,25,44,79
2021/08/18 16:34:43,FAF90C9F-794A-46F2-A538-AA8B2897848D,24.9,44,79
2021/08/18 17:04:59,FAF90C9F-794A-46F2-A538-AA8B2897848D,24.9,44,81
2021/08/18 17:35:15,FAF90C9F-794A-46F2-A538-AA8B2897848D,24.7,44,79
2021/08/18 18:05:31,FAF90C9F-794A-46F2-A538-AA8B2897848D,24.7,44,78
2021/08/18 18:35:48,FAF90C9F-794A-46F2-A538-AA8B2897848D,24.5,44,79
2021/08/18 19:06:04,FAF90C9F-794A-46F2-A538-AA8B2897848D,25.3,44,90
2021/08/18 19:36:20,FAF90C9F-794A-46F2-A538-AA8B2897848D,26,44,94
2021/08/18 20:06:36,FAF90C9F-794A-46F2-A538-AA8B2897848D,25.7,44,89
2021/08/18 20:36:52,FAF90C9F-794A-46F2-A538-AA8B2897848D,24.8,44,78
2021/08/18 21:07:08,FAF90C9F-794A-46F2-A538-AA8B2897848D,24.6,44,78
2021/08/18 21:37:24,FAF90C9F-794A-46F2-A538-AA8B2897848D,24.3,43,79
2021/08/18 22:07:40,FAF90C9F-794A-46F2-A538-AA8B2897848D,26,44,95
2021/08/18 22:37:56,FAF90C9F-794A-46F2-A538-AA8B2897848D,24.8,43,87
2021/08/18 23:08:12,FAF90C9F-794A-46F2-A538-AA8B2897848D,26.3,44,93
2021/08/18 23:38:29,FAF90C9F-794A-46F2-A538-AA8B2897848D,25.2,44,69
2021/08/19 0:08:45,FAF90C9F-794A-46F2-A538-AA8B2897848D,25.5,44,71
2021/08/19 0:39:01,FAF90C9F-794A-46F2-A538-AA8B2897848D,25.7,44,78
2021/08/19 1:09:17,FAF90C9F-794A-46F2-A538-AA8B2897848D,26.2,43,88
2021/08/19 1:39:33,FAF90C9F-794A-46F2-A538-AA8B2897848D,26.3,43,86
2021/08/19 2:09:49,FAF90C9F-794A-46F2-A538-AA8B2897848D,26.4,44,85
2021/08/19 2:40:06,FAF90C9F-794A-46F2-A538-AA8B2897848D,26.4,44,85
2021/08/19 3:10:22,FAF90C9F-794A-46F2-A538-AA8B2897848D,26.5,44,85
2021/08/19 3:40:38,FAF90C9F-794A-46F2-A538-AA8B2897848D,26.4,44,88
2021/08/19 4:10:54,FAF90C9F-794A-46F2-A538-AA8B2897848D,26.3,44,88
2021/08/19 4:41:10,FAF90C9F-794A-46F2-A538-AA8B2897848D,26.3,43,88
2021/08/19 5:11:26,FAF90C9F-794A-46F2-A538-AA8B2897848D,26.3,44,88
2021/08/19 5:41:42,FAF90C9F-794A-46F2-A538-AA8B2897848D,26.3,44,88
2021/08/19 6:11:58,FAF90C9F-794A-46F2-A538-AA8B2897848D,26.3,44,89
2021/08/19 6:42:15,FAF90C9F-794A-46F2-A538-AA8B2897848D,26.3,43,89
2021/08/19 7:12:30,FAF90C9F-794A-46F2-A538-AA8B2897848D,26.3,43,89
2021/08/19 7:42:47,FAF90C9F-794A-46F2-A538-AA8B2897848D,26.5,43,89
2021/08/19 8:13:03,FAF90C9F-794A-46F2-A538-AA8B2897848D,26.8,43,87
2021/08/19 8:43:19,FAF90C9F-794A-46F2-A538-AA8B2897848D,26.9,74,88
2021/08/19 9:13:35,FAF90C9F-794A-46F2-A538-AA8B2897848D,24.6,102,75
2021/08/19 9:43:51,FAF90C9F-794A-46F2-A538-AA8B2897848D,24.9,100,80
2021/08/19 10:14:07,FAF90C9F-794A-46F2-A538-AA8B2897848D,24.7,94,79
2021/08/19 10:44:23,FAF90C9F-794A-46F2-A538-AA8B2897848D,24.3,67,79
2021/08/19 11:14:39,FAF90C9F-794A-46F2-A538-AA8B2897848D,25.4,109,93
2021/08/19 11:44:55,FAF90C9F-794A-46F2-A538-AA8B2897848D,24.5,78,81
2021/08/19 12:15:11,FAF90C9F-794A-46F2-A538-AA8B2897848D,24,143,78
2021/08/19 12:45:27,FAF90C9F-794A-46F2-A538-AA8B2897848D,25,94,91
2021/08/19 13:15:43,FAF90C9F-794A-46F2-A538-AA8B2897848D,25,60,90
2021/08/19 13:45:59,FAF90C9F-794A-46F2-A538-AA8B2897848D,25,104,84
2021/08/19 14:16:15,FAF90C9F-794A-46F2-A538-AA8B2897848D,25,78,91
2021/08/19 14:46:31,FAF90C9F-794A-46F2-A538-AA8B2897848D,24.9,73,86
2021/08/19 15:16:47,FAF90C9F-794A-46F2-A538-AA8B2897848D,24.1,70,79
2021/08/19 15:47:04,FAF90C9F-794A-46F2-A538-AA8B2897848D,24.2,70,79
2021/08/19 16:17:20,FAF90C9F-794A-46F2-A538-AA8B2897848D,23.9,70,76
2021/08/19 16:47:36,FAF90C9F-794A-46F2-A538-AA8B2897848D,25.3,75,89
2021/08/19 17:17:52,FAF90C9F-794A-46F2-A538-AA8B2897848D,25.3,78,93
2021/08/19 17:48:09,FAF90C9F-794A-46F2-A538-AA8B2897848D,24.4,77,79
2021/08/19 18:18:24,FAF90C9F-794A-46F2-A538-AA8B2897848D,24.2,77,79
2021/08/19 18:48:41,FAF90C9F-794A-46F2-A538-AA8B2897848D,25.2,63,85
2021/08/19 19:18:57,FAF90C9F-794A-46F2-A538-AA8B2897848D,25.3,65,84
2021/08/19 19:49:13,FAF90C9F-794A-46F2-A538-AA8B2897848D,25.3,65,86
2021/08/19 20:19:29,FAF90C9F-794A-46F2-A538-AA8B2897848D,25.4,65,89
2021/08/19 20:49:46,FAF90C9F-794A-46F2-A538-AA8B2897848D,26,64,95
2021/08/19 21:20:02,FAF90C9F-794A-46F2-A538-AA8B2897848D,26,94,94
2021/08/19 21:50:19,FAF90C9F-794A-46F2-A538-AA8B2897848D,24.1,65,76
2021/08/19 22:20:35,FAF90C9F-794A-46F2-A538-AA8B2897848D,25.5,91,85
2021/08/19 22:50:51,FAF90C9F-794A-46F2-A538-AA8B2897848D,25.3,100,95
2021/08/19 23:21:07,FAF90C9F-794A-46F2-A538-AA8B2897848D,25.8,89,95
2021/08/19 23:51:24,FAF90C9F-794A-46F2-A538-AA8B2897848D,25.8,85,95
2021/08/20 0:21:40,FAF90C9F-794A-46F2-A538-AA8B2897848D,25.6,85,95
2021/08/20 0:51:56,FAF90C9F-794A-46F2-A538-AA8B2897848D,25.7,86,95
2021/08/20 1:22:12,FAF90C9F-794A-46F2-A538-AA8B2897848D,25.9,90,94
2021/08/20 1:52:29,FAF90C9F-794A-46F2-A538-AA8B2897848D,25.8,79,93
2021/08/20 2:22:45,FAF90C9F-794A-46F2-A538-AA8B2897848D,25.8,81,92
2021/08/20 2:53:01,FAF90C9F-794A-46F2-A538-AA8B2897848D,25.8,81,91
2021/08/20 3:23:17,FAF90C9F-794A-46F2-A538-AA8B2897848D,25.7,84,91
2021/08/20 3:53:33,FAF90C9F-794A-46F2-A538-AA8B2897848D,25.7,64,91
2021/08/20 4:23:49,FAF90C9F-794A-46F2-A538-AA8B2897848D,25.7,64,90
2021/08/20 4:54:05,FAF90C9F-794A-46F2-A538-AA8B2897848D,25.6,64,90
2021/08/20 5:24:21,FAF90C9F-794A-46F2-A538-AA8B2897848D,25.6,64,90
2021/08/20 5:54:37,FAF90C9F-794A-46F2-A538-AA8B2897848D,25.7,64,90
2021/08/20 6:24:53,FAF90C9F-794A-46F2-A538-AA8B2897848D,25.8,64,90
2021/08/20 6:55:10,FAF90C9F-794A-46F2-A538-AA8B2897848D,25.8,64,90
2021/08/20 7:25:26,FAF90C9F-794A-46F2-A538-AA8B2897848D,25.9,64,89
2021/08/20 7:55:42,FAF90C9F-794A-46F2-A538-AA8B2897848D,26.2,64,90
2021/08/20 8:25:58,FAF90C9F-794A-46F2-A538-AA8B2897848D,26.5,63,91
2021/08/20 8:56:14,FAF90C9F-794A-46F2-A538-AA8B2897848D,23.9,63,74
2021/08/20 9:26:30,FAF90C9F-794A-46F2-A538-AA8B2897848D,24.4,62,79
2021/08/20 9:56:46,FAF90C9F-794A-46F2-A538-AA8B2897848D,24.2,62,76
2021/08/20 10:27:02,FAF90C9F-794A-46F2-A538-AA8B2897848D,24.2,62,75
2021/08/20 10:57:19,FAF90C9F-794A-46F2-A538-AA8B2897848D,24.2,62,75
2021/08/20 11:27:34,FAF90C9F-794A-46F2-A538-AA8B2897848D,24.5,62,76
2021/08/20 11:57:51,FAF90C9F-794A-46F2-A538-AA8B2897848D,24.3,62,74
2021/08/20 12:28:07,FAF90C9F-794A-46F2-A538-AA8B2897848D,25.2,62,84
2021/08/20 12:58:24,FAF90C9F-794A-46F2-A538-AA8B2897848D,25.5,62,85
2021/08/20 13:28:42,FAF90C9F-794A-46F2-A538-AA8B2897848D,24.7,62,81
2021/08/20 13:58:58,FAF90C9F-794A-46F2-A538-AA8B2897848D,24.3,92,79
2021/08/20 14:29:15,FAF90C9F-794A-46F2-A538-AA8B2897848D,24.2,113,78
2021/08/20 14:59:32,FAF90C9F-794A-46F2-A538-AA8B2897848D,24.8,81,87
2021/08/20 15:29:48,FAF90C9F-794A-46F2-A538-AA8B2897848D,23.9,84,79
2021/08/20 16:00:04,FAF90C9F-794A-46F2-A538-AA8B2897848D,23.5,62,78
2021/08/20 16:30:20,FAF90C9F-794A-46F2-A538-AA8B2897848D,23.3,61,77
2021/08/20 17:00:36,FAF90C9F-794A-46F2-A538-AA8B2897848D,25.4,61,95
2021/08/20 17:30:52,FAF90C9F-794A-46F2-A538-AA8B2897848D,24.8,61,86
2021/08/20 18:01:09,FAF90C9F-794A-46F2-A538-AA8B2897848D,24.1,61,80
2021/08/20 18:31:25,FAF90C9F-794A-46F2-A538-AA8B2897848D,23.9,62,78
2021/08/20 19:01:41,FAF90C9F-794A-46F2-A538-AA8B2897848D,23.8,61,77
2021/08/20 19:31:57,FAF90C9F-794A-46F2-A538-AA8B2897848D,25.3,61,88
2021/08/20 20:02:15,FAF90C9F-794A-46F2-A538-AA8B2897848D,25.2,61,85
2021/08/20 20:32:31,FAF90C9F-794A-46F2-A538-AA8B2897848D,25.3,62,87
2021/08/20 21:02:47,FAF90C9F-794A-46F2-A538-AA8B2897848D,25.3,62,86
2021/08/20 21:33:04,FAF90C9F-794A-46F2-A538-AA8B2897848D,25.7,62,93
2021/08/20 22:03:20,FAF90C9F-794A-46F2-A538-AA8B2897848D,26.2,62,91
2021/08/20 22:33:37,FAF90C9F-794A-46F2-A538-AA8B2897848D,26.2,62,90
2021/08/20 23:03:54,FAF90C9F-794A-46F2-A538-AA8B2897848D,26.5,62,90
2021/08/20 23:34:11,FAF90C9F-794A-46F2-A538-AA8B2897848D,26.2,62,91
2021/08/21 0:04:28,FAF90C9F-794A-46F2-A538-AA8B2897848D,25.8,62,76
2021/08/21 0:34:44,FAF90C9F-794A-46F2-A538-AA8B2897848D,26.2,61,87
2021/08/21 1:05:02,FAF90C9F-794A-46F2-A538-AA8B2897848D,25.9,61,87
2021/08/21 1:35:18,FAF90C9F-794A-46F2-A538-AA8B2897848D,26.2,61,90
2021/08/21 2:05:35,FAF90C9F-794A-46F2-A538-AA8B2897848D,26.3,61,89
2021/08/21 2:35:51,FAF90C9F-794A-46F2-A538-AA8B2897848D,26,81,91
2021/08/21 3:06:11,FAF90C9F-794A-46F2-A538-AA8B2897848D,26,93,91
2021/08/21 3:36:28,FAF90C9F-794A-46F2-A538-AA8B2897848D,26,59,91
2021/08/21 4:06:45,FAF90C9F-794A-46F2-A538-AA8B2897848D,26.1,71,92
2021/08/21 4:37:02,FAF90C9F-794A-46F2-A538-AA8B2897848D,26,81,92
2021/08/21 5:07:19,FAF90C9F-794A-46F2-A538-AA8B2897848D,25.9,71,90
2021/08/21 5:37:35,FAF90C9F-794A-46F2-A538-AA8B2897848D,25.9,84,90
2021/08/21 6:07:52,FAF90C9F-794A-46F2-A538-AA8B2897848D,25.9,83,90
2021/08/21 6:38:09,FAF90C9F-794A-46F2-A538-AA8B2897848D,26,92,91
2021/08/21 7:08:25,FAF90C9F-794A-46F2-A538-AA8B2897848D,26.2,88,90
2021/08/21 7:38:42,FAF90C9F-794A-46F2-A538-AA8B2897848D,26.3,88,89
2021/08/21 8:08:59,FAF90C9F-794A-46F2-A538-AA8B2897848D,26.6,85,88
2021/08/21 8:39:16,FAF90C9F-794A-46F2-A538-AA8B2897848D,26.9,104,87
2021/08/21 9:09:33,FAF90C9F-794A-46F2-A538-AA8B2897848D,26.9,102,89
2021/08/21 9:39:49,FAF90C9F-794A-46F2-A538-AA8B2897848D,27.1,78,90
2021/08/21 10:10:06,FAF90C9F-794A-46F2-A538-AA8B2897848D,27.3,58,90
2021/08/21 10:40:22,FAF90C9F-794A-46F2-A538-AA8B2897848D,27.4,81,92
2021/08/21 11:10:39,FAF90C9F-794A-46F2-A538-AA8B2897848D,27.7,78,90
2021/08/21 11:40:55,FAF90C9F-794A-46F2-A538-AA8B2897848D,27.8,93,87
2021/08/21 12:11:13,FAF90C9F-794A-46F2-A538-AA8B2897848D,27.7,71,86
2021/08/21 13:38:32,FAF90C9F-794A-46F2-A538-AA8B2897848D,28.2,55,88
2021/08/21 14:08:48,FAF90C9F-794A-46F2-A538-AA8B2897848D,28.2,93,88
2021/08/22 11:28:19,FAF90C9F-794A-46F2-A538-AA8B2897848D,28.9,66,87
2021/08/22 11:58:36,FAF90C9F-794A-46F2-A538-AA8B2897848D,28.8,69,88
2021/08/22 12:28:53,FAF90C9F-794A-46F2-A538-AA8B2897848D,29,61,85
2021/08/22 12:59:10,FAF90C9F-794A-46F2-A538-AA8B2897848D,27.1,64,78
2021/08/22 13:29:27,FAF90C9F-794A-46F2-A538-AA8B2897848D,26.3,63,76
2021/08/22 13:59:43,FAF90C9F-794A-46F2-A538-AA8B2897848D,27.8,62,95
2021/08/22 14:30:01,FAF90C9F-794A-46F2-A538-AA8B2897848D,26.9,77,74
2021/08/22 15:00:17,FAF90C9F-794A-46F2-A538-AA8B2897848D,25.4,64,65
2021/08/22 15:30:34,FAF90C9F-794A-46F2-A538-AA8B2897848D,25.4,62,60
2021/08/22 16:48:40,FAF90C9F-794A-46F2-A538-AA8B2897848D,25.8,61,64
2021/08/22 17:18:56,FAF90C9F-794A-46F2-A538-AA8B2897848D,25.8,61,64
2021/08/22 17:49:13,FAF90C9F-794A-46F2-A538-AA8B2897848D,25.9,61,71
2021/08/22 18:19:30,FAF90C9F-794A-46F2-A538-AA8B2897848D,26.6,61,74
2021/08/22 18:49:47,FAF90C9F-794A-46F2-A538-AA8B2897848D,27,62,79
2021/08/22 19:20:04,FAF90C9F-794A-46F2-A538-AA8B2897848D,26.6,60,82
2021/08/23 8:02,FAF90C9F-794A-46F2-A538-AA8B2897848D,28.3,60,95
2021/08/23 8:32:17,FAF90C9F-794A-46F2-A538-AA8B2897848D,28.2,62,95
2021/08/23 9:02:34,FAF90C9F-794A-46F2-A538-AA8B2897848D,25.7,58,79
2021/08/23 9:32:50,FAF90C9F-794A-46F2-A538-AA8B2897848D,26.1,58,88
2021/08/23 10:03:08,FAF90C9F-794A-46F2-A538-AA8B2897848D,27.7,58,95
2021/08/23 10:33:25,FAF90C9F-794A-46F2-A538-AA8B2897848D,24.7,63,75
2021/08/23 11:03:42,FAF90C9F-794A-46F2-A538-AA8B2897848D,25.6,77,78
2021/08/23 11:33:58,FAF90C9F-794A-46F2-A538-AA8B2897848D,25.5,74,76
2021/08/27 19:24:07,FAF90C9F-794A-46F2-A538-AA8B2897848D,28.5,59,62
2021/08/27 19:25:57,FAF90C9F-794A-46F2-A538-AA8B2897848D,28.5,88,66
2021/08/27 19:56:13,FAF90C9F-794A-46F2-A538-AA8B2897848D,28.6,57,68
2021/08/27 20:26:29,FAF90C9F-794A-46F2-A538-AA8B2897848D,28.3,58,93
2021/08/27 20:56:46,FAF90C9F-794A-46F2-A538-AA8B2897848D,26.5,58,73
2021/08/27 21:27:04,FAF90C9F-794A-46F2-A538-AA8B2897848D,25.9,57,71
2021/08/27 21:57:20,FAF90C9F-794A-46F2-A538-AA8B2897848D,26.5,56,88
2021/08/27 22:27:38,FAF90C9F-794A-46F2-A538-AA8B2897848D,26.1,58,68
2021/08/27 22:57:54,FAF90C9F-794A-46F2-A538-AA8B2897848D,25.8,57,64
2021/08/27 23:28:11,FAF90C9F-794A-46F2-A538-AA8B2897848D,25.4,56,63
2021/08/27 23:58:27,FAF90C9F-794A-46F2-A538-AA8B2897848D,25.3,55,62
2021/08/28 0:28:45,FAF90C9F-794A-46F2-A538-AA8B2897848D,25.6,56,67
2021/08/28 0:59:02,FAF90C9F-794A-46F2-A538-AA8B2897848D,25.7,55,68
2021/08/28 1:29:19,FAF90C9F-794A-46F2-A538-AA8B2897848D,25.9,56,71
2021/08/28 1:59:35,FAF90C9F-794A-46F2-A538-AA8B2897848D,26.7,55,90
2021/08/28 2:29:53,FAF90C9F-794A-46F2-A538-AA8B2897848D,27.2,55,93
2021/08/28 3:00:10,FAF90C9F-794A-46F2-A538-AA8B2897848D,27.5,53,95
2021/08/28 3:30:27,FAF90C9F-794A-46F2-A538-AA8B2897848D,27.6,55,95
2021/08/28 4:00:44,FAF90C9F-794A-46F2-A538-AA8B2897848D,27.8,55,95
2021/08/28 4:31:01,FAF90C9F-794A-46F2-A538-AA8B2897848D,27.8,55,95
2021/08/28 5:01:17,FAF90C9F-794A-46F2-A538-AA8B2897848D,27.9,56,95
2021/08/28 5:31:34,FAF90C9F-794A-46F2-A538-AA8B2897848D,27.9,56,95
2021/08/28 6:01:51,FAF90C9F-794A-46F2-A538-AA8B2897848D,27.9,55,95
2021/08/28 6:32:08,FAF90C9F-794A-46F2-A538-AA8B2897848D,28,55,95
2021/08/28 7:02:25,FAF90C9F-794A-46F2-A538-AA8B2897848D,28.1,54,95
2021/08/28 7:32:41,FAF90C9F-794A-46F2-A538-AA8B2897848D,28.2,55,95
2021/08/28 8:02:58,FAF90C9F-794A-46F2-A538-AA8B2897848D,28.3,55,95
2021/08/28 8:33:16,FAF90C9F-794A-46F2-A538-AA8B2897848D,28.3,55,95
2021/08/28 9:03:32,FAF90C9F-794A-46F2-A538-AA8B2897848D,28.5,54,95
2021/08/28 9:33:49,FAF90C9F-794A-46F2-A538-AA8B2897848D,28.4,53,95
2021/08/28 10:04:06,FAF90C9F-794A-46F2-A538-AA8B2897848D,28.5,54,95
2021/08/28 10:34:23,FAF90C9F-794A-46F2-A538-AA8B2897848D,28.6,54,95
2021/08/28 11:04:40,FAF90C9F-794A-46F2-A538-AA8B2897848D,28.5,54,95
2021/08/28 11:34:57,FAF90C9F-794A-46F2-A538-AA8B2897848D,28.5,53,92
2021/08/28 12:05:14,FAF90C9F-794A-46F2-A538-AA8B2897848D,28.6,54,95
2021/08/28 12:35:31,FAF90C9F-794A-46F2-A538-AA8B2897848D,27.1,52,78
2021/08/28 13:05:47,FAF90C9F-794A-46F2-A538-AA8B2897848D,26.6,51,77
2021/08/28 13:36:05,FAF90C9F-794A-46F2-A538-AA8B2897848D,28,52,95
2021/08/28 14:06:22,FAF90C9F-794A-46F2-A538-AA8B2897848D,28.4,53,95
2021/08/28 14:36:40,FAF90C9F-794A-46F2-A538-AA8B2897848D,28.6,52,95
2021/08/28 15:06:57,FAF90C9F-794A-46F2-A538-AA8B2897848D,28.8,50,95
2021/08/28 15:37:14,FAF90C9F-794A-46F2-A538-AA8B2897848D,29.1,52,95
2021/08/28 16:07:31,FAF90C9F-794A-46F2-A538-AA8B2897848D,28.8,53,87
2021/08/28 16:37:48,FAF90C9F-794A-46F2-A538-AA8B2897848D,27.2,53,66
2021/08/28 17:08:05,FAF90C9F-794A-46F2-A538-AA8B2897848D,26.5,53,62
2021/08/28 17:38:22,FAF90C9F-794A-46F2-A538-AA8B2897848D,26.6,53,64
2021/08/28 18:08:39,FAF90C9F-794A-46F2-A538-AA8B2897848D,26.6,53,63
2021/08/28 18:38:56,FAF90C9F-794A-46F2-A538-AA8B2897848D,26.3,52,62
2021/08/28 19:09:13,FAF90C9F-794A-46F2-A538-AA8B2897848D,26.4,52,64
2021/08/28 19:39:31,FAF90C9F-794A-46F2-A538-AA8B2897848D,27.5,51,89
2021/08/28 20:09:48,FAF90C9F-794A-46F2-A538-AA8B2897848D,28,52,92
2021/08/28 20:40:06,FAF90C9F-794A-46F2-A538-AA8B2897848D,28.2,52,95
2021/08/28 21:10:23,FAF90C9F-794A-46F2-A538-AA8B2897848D,27.9,52,85
2021/08/28 21:40:39,FAF90C9F-794A-46F2-A538-AA8B2897848D,27.1,52,72
2021/08/28 22:10:56,FAF90C9F-794A-46F2-A538-AA8B2897848D,26.6,52,65
2021/08/28 22:41:13,FAF90C9F-794A-46F2-A538-AA8B2897848D,26.5,52,64
2021/08/28 23:11:32,FAF90C9F-794A-46F2-A538-AA8B2897848D,26.3,51,65
2021/08/28 23:41:51,FAF90C9F-794A-46F2-A538-AA8B2897848D,26.6,51,74
2021/08/29 0:12:08,FAF90C9F-794A-46F2-A538-AA8B2897848D,27.4,51,86
2021/08/29 0:42:25,FAF90C9F-794A-46F2-A538-AA8B2897848D,27.8,50,92
2021/08/29 1:12:42,FAF90C9F-794A-46F2-A538-AA8B2897848D,27.9,50,94
2021/08/29 1:43:05,FAF90C9F-794A-46F2-A538-AA8B2897848D,28,50,95
2021/08/29 2:13:27,FAF90C9F-794A-46F2-A538-AA8B2897848D,28.1,51,95
2021/08/29 2:43:44,FAF90C9F-794A-46F2-A538-AA8B2897848D,28.1,50,95
2021/08/29 3:14:05,FAF90C9F-794A-46F2-A538-AA8B2897848D,28.2,50,95
2021/08/29 3:44:26,FAF90C9F-794A-46F2-A538-AA8B2897848D,28.2,50,95
2021/08/29 4:14:45,FAF90C9F-794A-46F2-A538-AA8B2897848D,28.2,50,94
2021/08/29 4:45:04,FAF90C9F-794A-46F2-A538-AA8B2897848D,28.3,50,95
2021/08/29 5:15:22,FAF90C9F-794A-46F2-A538-AA8B2897848D,28.3,50,95
2021/08/29 5:45:39,FAF90C9F-794A-46F2-A538-AA8B2897848D,28.3,50,95
2021/08/29 6:15:59,FAF90C9F-794A-46F2-A538-AA8B2897848D,28.3,49,95
2021/08/29 6:46:18,FAF90C9F-794A-46F2-A538-AA8B2897848D,28.3,49,95
2021/08/29 7:16:35,FAF90C9F-794A-46F2-A538-AA8B2897848D,28.4,49,95
2021/08/29 7:46:53,FAF90C9F-794A-46F2-A538-AA8B2897848D,28.5,49,95
2021/08/29 8:17:10,FAF90C9F-794A-46F2-A538-AA8B2897848D,28.6,49,95
2021/08/29 8:47:27,FAF90C9F-794A-46F2-A538-AA8B2897848D,28.7,49,88
2021/08/29 9:17:44,FAF90C9F-794A-46F2-A538-AA8B2897848D,27.5,49,71
2021/08/29 9:48:02,FAF90C9F-794A-46F2-A538-AA8B2897848D,27.1,49,67
2021/08/29 10:18:19,FAF90C9F-794A-46F2-A538-AA8B2897848D,27.1,48,72
2021/08/29 10:48:38,FAF90C9F-794A-46F2-A538-AA8B2897848D,26.2,46,81
2021/08/29 11:18:55,FAF90C9F-794A-46F2-A538-AA8B2897848D,26.4,46,68
2021/08/29 11:49:12,FAF90C9F-794A-46F2-A538-AA8B2897848D,26.2,47,66
2021/08/29 12:19:32,FAF90C9F-794A-46F2-A538-AA8B2897848D,26.3,46,67
2021/08/29 12:49:50,FAF90C9F-794A-46F2-A538-AA8B2897848D,26.3,47,65
2021/08/29 13:20:07,FAF90C9F-794A-46F2-A538-AA8B2897848D,26.3,46,64
2021/08/29 13:50:24,FAF90C9F-794A-46F2-A538-AA8B2897848D,26.3,46,64
2021/08/29 14:20:43,FAF90C9F-794A-46F2-A538-AA8B2897848D,26,46,60
2021/08/29 14:51:01,FAF90C9F-794A-46F2-A538-AA8B2897848D,25.9,46,59
2021/08/29 15:21:21,FAF90C9F-794A-46F2-A538-AA8B2897848D,25.8,46,58
2021/08/29 15:51:39,FAF90C9F-794A-46F2-A538-AA8B2897848D,25.8,46,57
2021/08/29 16:21:56,FAF90C9F-794A-46F2-A538-AA8B2897848D,25.6,46,59
2021/08/29 16:52:13,FAF90C9F-794A-46F2-A538-AA8B2897848D,25.8,45,60
2021/08/29 17:22:30,FAF90C9F-794A-46F2-A538-AA8B2897848D,25.6,46,58
2021/08/29 17:52:47,FAF90C9F-794A-46F2-A538-AA8B2897848D,26.2,46,66
2021/08/29 18:23:06,FAF90C9F-794A-46F2-A538-AA8B2897848D,25.8,45,60
2021/08/29 18:53:24,FAF90C9F-794A-46F2-A538-AA8B2897848D,25.8,45,61
2021/08/29 19:23:42,FAF90C9F-794A-46F2-A538-AA8B2897848D,25.9,45,62
2021/08/29 19:53:59,FAF90C9F-794A-46F2-A538-AA8B2897848D,25.9,45,62
2021/08/29 20:24:18,FAF90C9F-794A-46F2-A538-AA8B2897848D,26.3,46,65
2021/08/29 20:54:36,FAF90C9F-794A-46F2-A538-AA8B2897848D,26.2,45,65
2021/08/29 21:24:53,FAF90C9F-794A-46F2-A538-AA8B2897848D,26.6,45,66
2021/08/29 21:55:11,FAF90C9F-794A-46F2-A538-AA8B2897848D,26.6,45,67
2021/08/29 22:25:29,FAF90C9F-794A-46F2-A538-AA8B2897848D,26.5,45,67
2021/08/29 22:55:46,FAF90C9F-794A-46F2-A538-AA8B2897848D,26.6,45,70
2021/08/29 23:26:05,FAF90C9F-794A-46F2-A538-AA8B2897848D,26.6,46,69
2021/08/29 23:56:23,FAF90C9F-794A-46F2-A538-AA8B2897848D,26.3,45,67
2021/08/30 0:26:39,FAF90C9F-794A-46F2-A538-AA8B2897848D,26.8,47,76
2021/08/30 0:56:57,FAF90C9F-794A-46F2-A538-AA8B2897848D,27.3,48,86
2021/08/30 1:27:14,FAF90C9F-794A-46F2-A538-AA8B2897848D,27.7,53,92
2021/08/30 1:57:33,FAF90C9F-794A-46F2-A538-AA8B2897848D,27.9,59,95
2021/08/30 2:27:51,FAF90C9F-794A-46F2-A538-AA8B2897848D,28,56,95
2021/08/30 2:58:10,FAF90C9F-794A-46F2-A538-AA8B2897848D,28,57,95
2021/08/30 3:28:27,FAF90C9F-794A-46F2-A538-AA8B2897848D,28.1,56,95
2021/08/30 3:58:46,FAF90C9F-794A-46F2-A538-AA8B2897848D,28.2,57,95
2021/08/30 4:29:09,FAF90C9F-794A-46F2-A538-AA8B2897848D,28.2,59,95
2021/08/30 4:59:27,FAF90C9F-794A-46F2-A538-AA8B2897848D,28.2,57,95
2021/08/30 5:29:43,FAF90C9F-794A-46F2-A538-AA8B2897848D,28.3,62,95
2021/08/30 6:00,FAF90C9F-794A-46F2-A538-AA8B2897848D,28.3,59,95
2021/08/30 6:30:17,FAF90C9F-794A-46F2-A538-AA8B2897848D,28.3,65,95
2021/08/30 7:00:35,FAF90C9F-794A-46F2-A538-AA8B2897848D,28.3,59,95
2021/08/30 7:30:52,FAF90C9F-794A-46F2-A538-AA8B2897848D,28.1,66,88
2021/08/30 8:01:10,FAF90C9F-794A-46F2-A538-AA8B2897848D,27.2,57,73
2021/08/30 8:31:27,FAF90C9F-794A-46F2-A538-AA8B2897848D,27,52,73
2021/08/30 9:01:44,FAF90C9F-794A-46F2-A538-AA8B2897848D,28.1,49,94
2021/08/30 9:32:01,FAF90C9F-794A-46F2-A538-AA8B2897848D,28.5,50,93
2021/08/30 10:02:19,FAF90C9F-794A-46F2-A538-AA8B2897848D,28.6,45,95
2021/08/30 10:32:36,FAF90C9F-794A-46F2-A538-AA8B2897848D,28.8,46,95
2021/08/30 11:02:53,FAF90C9F-794A-46F2-A538-AA8B2897848D,28.9,46,95
2021/08/30 11:33:12,FAF90C9F-794A-46F2-A538-AA8B2897848D,29,46,95
2021/08/30 12:03:30,FAF90C9F-794A-46F2-A538-AA8B2897848D,28.2,46,83
2021/08/30 12:33:48,FAF90C9F-794A-46F2-A538-AA8B2897848D,26.8,46,74
2021/08/30 13:04:05,FAF90C9F-794A-46F2-A538-AA8B2897848D,26.2,46,70
2021/08/30 13:34:23,FAF90C9F-794A-46F2-A538-AA8B2897848D,25.9,45,67
2021/08/30 14:04:40,FAF90C9F-794A-46F2-A538-AA8B2897848D,25.7,46,66
2021/08/30 14:34:57,FAF90C9F-794A-46F2-A538-AA8B2897848D,24.5,54,58
2021/08/30 15:05:14,FAF90C9F-794A-46F2-A538-AA8B2897848D,25.6,52,73
2021/08/30 15:35:30,FAF90C9F-794A-46F2-A538-AA8B2897848D,26.2,52,80
2021/08/30 16:05:51,FAF90C9F-794A-46F2-A538-AA8B2897848D,25.5,45,69
2021/08/30 16:36:08,FAF90C9F-794A-46F2-A538-AA8B2897848D,24.4,43,59
2021/08/30 17:06:25,FAF90C9F-794A-46F2-A538-AA8B2897848D,25.4,43,75
2021/08/30 17:36:44,FAF90C9F-794A-46F2-A538-AA8B2897848D,25.6,43,78
2021/08/30 18:07:03,FAF90C9F-794A-46F2-A538-AA8B2897848D,25.7,43,73
2021/08/30 18:37:22,FAF90C9F-794A-46F2-A538-AA8B2897848D,26.3,46,84
2021/08/30 19:07:42,FAF90C9F-794A-46F2-A538-AA8B2897848D,27.5,46,95
2021/08/30 19:38:02,FAF90C9F-794A-46F2-A538-AA8B2897848D,27.6,46,95
2021/08/30 20:08:20,FAF90C9F-794A-46F2-A538-AA8B2897848D,27.8,46,95
2021/08/30 20:38:38,FAF90C9F-794A-46F2-A538-AA8B2897848D,27.9,46,94
2021/08/30 21:08:57,FAF90C9F-794A-46F2-A538-AA8B2897848D,28,46,95
2021/08/30 21:39:16,FAF90C9F-794A-46F2-A538-AA8B2897848D,28,45,89
2021/08/30 22:09:34,FAF90C9F-794A-46F2-A538-AA8B2897848D,26.3,44,78
2021/08/30 22:39:53,FAF90C9F-794A-46F2-A538-AA8B2897848D,26,43,72
2021/08/30 23:10:11,FAF90C9F-794A-46F2-A538-AA8B2897848D,25.6,45,67
2021/08/30 23:40:29,FAF90C9F-794A-46F2-A538-AA8B2897848D,25.6,45,68
2021/08/31 0:10:45,FAF90C9F-794A-46F2-A538-AA8B2897848D,25.3,44,70
2021/08/31 0:41:03,FAF90C9F-794A-46F2-A538-AA8B2897848D,26.7,44,91
2021/08/31 1:11:23,FAF90C9F-794A-46F2-A538-AA8B2897848D,27.1,44,93
2021/08/31 1:41:42,FAF90C9F-794A-46F2-A538-AA8B2897848D,27.6,43,94
2021/08/31 2:11:59,FAF90C9F-794A-46F2-A538-AA8B2897848D,27.8,43,94
2021/08/31 2:42:16,FAF90C9F-794A-46F2-A538-AA8B2897848D,27.9,43,94
2021/08/31 3:12:34,FAF90C9F-794A-46F2-A538-AA8B2897848D,28,43,95
2021/08/31 3:42:51,FAF90C9F-794A-46F2-A538-AA8B2897848D,28,43,95
2021/08/31 4:13:08,FAF90C9F-794A-46F2-A538-AA8B2897848D,28.1,43,94
2021/08/31 4:43:27,FAF90C9F-794A-46F2-A538-AA8B2897848D,28.2,43,95
2021/08/31 5:44:06,FAF90C9F-794A-46F2-A538-AA8B2897848D,28.2,43,94
2021/08/31 6:14:23,FAF90C9F-794A-46F2-A538-AA8B2897848D,28.2,43,95
2021/08/31 6:44:43,FAF90C9F-794A-46F2-A538-AA8B2897848D,28.3,43,95
2021/08/31 7:15:03,FAF90C9F-794A-46F2-A538-AA8B2897848D,28.3,44,95
2021/08/31 7:45:22,FAF90C9F-794A-46F2-A538-AA8B2897848D,27.4,43,74
2021/08/31 8:15:39,FAF90C9F-794A-46F2-A538-AA8B2897848D,27.2,51,69